code,term
1003380001,6q16 microdeletion syndrome
1003437009,Leydig cell hypoplasia due to complete luteinizing hormone receptor inactivation
1003438004,Leydig cell hypoplasia due to partial luteinizing hormone receptor inactivation
1003512001,Agenesis of ovary
1003550007,Agenesis of thymus
102452004,Abscess of thyroid
102871000119101,Hypothyroidism due to thyroiditis
10340008,Isolated gonadotropin deficiency
1051005,Hyperplasia of islet alpha cells with gastrin excess
105111000119109,Primary squamous cell carcinoma of thymus
105401000119101,Diabetes mellitus due to pancreatic injury
106281000119103,Pre-existing diabetes mellitus in mother complicating childbirth
106451000119106,Goiter due to thyroiditis
10649000,Hyperpituitarism
10661008,Hernia of ovary
10665004,Mumps pancreatitis
10680005,Insulin receptor defect
10696621000119105,Diminished ovarian reserve due to advanced maternal age
10718002,Juvenile myxedema
10736002,Isolated thyroliberin deficiency
10737281000119109,Mature cystic teratoma of right ovary
10737321000119104,Mature cystic teratoma of left ovary
1074009,Glucocorticoid-responsive primary aldosteronism
10750991000119101,Cyst of ovary in pregnancy
10753491000119101,Gestational diabetes mellitus in childbirth
10754881000119104,Diabetes mellitus in mother complicating childbirth
10754921000119106,Hyperthyroidism in childbirth
10759231000119102,Salpingo-oophoritis in pregnancy
10760001000119100,Thyroid disease in mother complicating childbirth
10760041000119103,Thyroiditis in mother complicating childbirth
10760381000119106,Thyroiditis in pregnancy
1079411000119102,Benign pheochromocytoma of left adrenal gland
1079421000119109,Benign pheochromocytoma of right adrenal gland
10809101000119109,Hypothyroidism in childbirth
10866001,Congenital pancreatic enterokinase deficiency
10871331000119105,Fibroma of left ovary
10871371000119108,Fibroma of right ovary
10871411000119109,Mucinous cystadenoma of left ovary
10871451000119105,Mucinous cystadenoma of right ovary
10871491000119100,Serous cystadenoma of left ovary
10871531000119100,Serous cystadenoma of right ovary
1090931000000108,Malignant neoplasm of multiple endocrine glands
109848009,Overlapping malignant neoplasm of pancreas
109951001,Overlapping malignant neoplasm of multiple endocrine glands
111307005,Leprechaunism syndrome
111374002,Pseudocyst of pancreas
111395007,Nephrogenic diabetes insipidus
111544009,Combination of endocrine dysfunction
111545005,Multiple endocrine deficiency syndrome
111546006,Polyglandular dysfunction
111548007,Syndrome of diencephalo-hypophyseal origin
111549004,Ovarian hyperfunction
111550004,Ovarian failure
111551000,Testicular hypofunction
111552007,Diabetes mellitus without complication
111559003,Spontaneous hypoglycemia
111560008,Disorder of pancreatic internal secretion
111564004,Epinephrine deficiency
111565003,Medulloadrenal hyperfunction
111566002,Acquired hypothyroidism
111567006,Refetoff syndrome
111568001,Hypothalamic syndrome
111569009,Hyperthermia-hyperphagia-hypothyroidism syndrome
11178005,Abnormality of secretion of glucagon
11244009,"Polyglandular autoimmune syndrome, type 1"
112991000000101,Lipoatrophic diabetes mellitus without complication
116341001,Functional cyst of ovary
11687002,Gestational diabetes mellitus
11859008,Infarction of thyroid
118951003,Drug-induced nephrogenic diabetes insipidus
119181000119104,Hypothyroxinemia of prematurity
119420007,Hemorrhagic cyst of ovary
119421006,Serous cystadenoma of ovary
119422004,Mucinous cystadenoma of ovary
119423009,Benign teratoma of ovary
12002009,Functional hyperinsulinism
12017008,Congenital absence of ovary
12246561000119101,Secondary malignant neoplasm of bilateral adrenal glands
12265461000119101,Endometriosis of bilateral ovaries
122811000119101,Partial androgen insensitivity syndrome
12286000,Adrenal calcification
12313004,Androgen resistance syndrome
12331003,Gigantism due to somatostatin deficiency
123669009,Pseudolipomatosis hypertrophy of pancreas
123671009,Adrenal gland cytomegaly
123757009,Complex gonadal endocrine disorder
123758004,Complex pituitary endocrine disorder
123759007,Prepuberal hyperpituitarism
123760002,Prepuberal panhypopituitarism
123761003,Ovarian masculinization syndrome
123762005,Hypoinsulinism
123763000,Houssay's syndrome
123764006,Complex adrenal endocrine disorder
123765007,Aldosterone disorder
123766008,Complex thyroid endocrine disorder
123843001,Neoplasm of ovary
123953004,Idiopathic hypogonadotropic hypogonadism
124214007,Deficiency of steroid 11-beta-monooxygenase
124220008,Deficiency of steroid 17-alpha-monooxygenase
124221007,Deficiency of steroid 21-monooxygenase
12427005,Congenital primary adrenocortical hypofunction
125639000,Injury of ovary
126858004,Neoplasm of ampulla of Vater
126859007,Neoplasm of pancreas
126860002,Neoplasm of head of pancreas
126861003,Neoplasm of body of pancreas
126862005,Neoplasm of tail of pancreas
126863000,Neoplasm of pancreatic duct
126864006,Neoplasm of endocrine pancreas
127009005,Disorder of endocrine receptor
127012008,Lipoatrophic diabetes
127016006,Neoplasm of multiple endocrine glands
127018007,Neoplasm of thyroid gland
127020005,Neoplasm of parathyroid gland
127021009,Neoplasm of adrenal gland
127022002,Neoplasm of adrenal cortex
127023007,Neoplasm of adrenal medulla
127024001,Neoplasm of pituitary gland
127025000,Neoplasm of craniopharyngeal duct
127026004,Neoplasm of pineal gland
127027008,Neoplasm of paraganglion
127028003,Neoplasm of carotid body
127029006,Neoplasm of aortic body
127030001,Neoplasm of glomus jugulare
127031002,Neoplasm of para-aortic body
127032009,Neoplasm of coccygeal body
127231009,Neoplasm of thymus
127345001,Disorder of endocrine gonad
128264007,Impaired glucose tolerance with hyperinsulism
128470003,Pineal gland disorder
128474007,Parathyroid adenoma
128475008,Ectopic parathyroid adenoma
129632001,General adaptation syndrome
129633006,Induced female hypogonadism syndrome
129634000,Induced male hypogonadism syndrome
129635004,Ovarian hyperstimulation syndrome
129636003,Disorder of adrenal cortex
129637007,Disorder of adrenal medulla
1310004,Impaired glucose tolerance associated with genetic syndrome
13196008,Secondary diabetes insipidus
13351431000119102,Secondary malignant neoplasm of lymph nodes of neck from thyroid
134209002,Prolactinoma
13595002,Torsion of ovary
137421000119106,Graves' disease in remission
13795004,Neonatal thyrotoxicosis
139811000119109,Homozygous methylenetetrahydrofolate reductase mutation
139821000119102,Heterozygous methylenetetrahydrofolate reductase mutation
14052004,Impaired glucose tolerance in and individual with a heritable form of maturity onset diabetes in the young
14266003,Atrophy of thymus gland
14289006,Myopathy in hypopituitarism
14304000,Disorder of thyroid gland
14725002,Idiopathic postprandial hypoglycemia
14779006,Hypothyroidism following external radiotherapy
1481000119100,Diabetes mellitus type 2 without retinopathy
14900002,Radiotherapy-induced hypopituitarism
150561000119100,Disorder of fallopian tube and ovary
15402006,Calculus of pancreas
154211000119108,Chronic pancreatitis due to chronic alcoholism
15470004,Toxic diffuse goiter with acropachy
15528006,Acute necrosis of pancreas
15631931000119106,Complex cyst of right ovary
15631971000119109,Complex cyst of left ovary
15635721000119108,Primary malignant neoplasm of both ovaries
15637031000119103,Mature cystic teratoma of bilateral ovaries
15771004,Diabetes insipidus
1588003,Heterosexual precocious puberty
15930501000119103,Neoplasm of uncertain behavior of bilateral ovaries
15930541000119101,Neoplasm of low malignant potential behavior of right ovary
15930741000119105,Benign neoplasm of bilateral ovaries
15930781000119100,Neoplasm of low malignant potential behavior of left ovary
15931101000119100,Cyst of corpus luteum of right ovary
15931141000119103,Cyst of corpus luteum of left ovary
15931181000119108,Hemorrhage of right corpus luteum cyst
15931221000119100,Hemorrhage of left corpus luteum cyst
15931341000119100,Ruptured cyst of bilateral ovaries
15931381000119105,Ruptured cyst of left ovary
15931421000119101,Ruptured cyst of right ovary
15931461000119106,Follicular cyst of right ovary
15931501000119106,Follicular cyst of left ovary
15931541000119108,Follicular cyst of bilateral ovaries
15931581000119103,Serous cyst of left ovary
15931621000119103,Serous cyst of right ovary
15931821000119104,Congenital torsion of left ovary
15931861000119109,Congenital torsion of right ovary
15931901000119103,Torsion of right ovary
15932021000119102,Torsion of left ovary
15932061000119107,Endometriosis of right ovary
15932101000119105,Endometriosis of left ovary
15932381000119100,Abscess of left fallopian tube and left ovary
15932421000119109,Abscess of right fallopian tube and right ovary
15957741000119108,Benign pheochromocytoma of bilateral adrenal glands
15957781000119103,Benign neoplasm of bilateral adrenal glands
15991002,Severe steroid 21-hydroxylase deficiency
16041008,Female hypogonadism syndrome
16195001,Parathyroid hypocalcemic tetany
16218721000119107,Hyperparathyroidism due to end stage renal disease on dialysis
16279005,Disorder of neurometabolic regulation
16357751000119101,Adenoma of right adrenal gland
16357791000119106,Adenoma of left adrenal gland
16357831000119100,Adenoma of bilateral adrenal glands
16486000,Acute oophoritis
1651000119109,Primary adenocarcinoma of pancreas
16685009,Hypocortisolism secondary to another disorder
16690601000119108,Cyst of corpus luteum of bilateral ovaries
16690641000119105,Hemorrhage of bilateral corpus luteum cysts
16705041000119100,Complex cyst of bilateral ovaries
16750411000119105,Serous cyst of bilateral ovaries
16836261000119107,Ectopic pregnancy of left ovary
16836351000119100,Ectopic pregnancy of right ovary
16966009,Factitious hypoglycemia
17151000119108,Partial growth hormone deficiency
17318002,Virilizing syndrome of adrenal origin
17346000,Disorder of endocrine pancreas
17422006,Ectopic thymic tissue
1771008,Insulin biosynthesis defect
17885001,Iodotyrosine deiodination defect
18200000,Autosomal recessive isolated somatotropin deficiency
1822007,Impaired glucose tolerance associated with pancreatic disease
1835003,Necrosis of pancreas
185113005,Tuberculosis of adrenal glands
18621008,Transient decreased production of T>4<
186270000,Tuberculous Addison's disease
187145004,Pancreatic echinococcosis
187786003,Malignant neoplasm of sphincter of Oddi
187791002,Malignant tumor of body of pancreas
187792009,Malignant tumor of tail of pancreas
187793004,Malignant tumor of pancreatic duct
187794005,Malignant tumor of Islets of Langerhans
187798008,Malignant neoplasm of ectopic pancreatic tissue
18831000119107,Benign multiple endocrine neoplasia type 2a
188339002,Malignant neoplasm of pituitary gland and craniopharyngeal duct
188340000,Malignant tumor of craniopharyngeal duct
188846003,Benign neoplasm of sphincter of Oddi
188848002,"Benign neoplasm of pancreas, excluding islets of Langerhans"
189179009,Craniopharyngioma
189246000,Carcinoma in situ of sphincter of Oddi
189397006,Neoplasm of uncertain behavior of sphincter of Oddi
189473001,Neoplasm of uncertain behavior of paraganglia
18978002,Ovotestis
190045361000119101,Normocalcemic primary hyperparathyroidism
190236006,Non-toxic nodular goiter
190237002,Non-toxic uninodular goiter
190241003,Toxic diffuse goiter with no crisis
190242005,Toxic diffuse goiter with crisis
190244006,Toxic uninodular goiter with no crisis
190247004,Toxic multinodular goiter with no crisis
190255006,Thyrotoxicosis from ectopic thyroid nodule with no crisis
190256007,Thyrotoxicosis from ectopic thyroid nodule with crisis
190268003,Congenital hypothyroidism
190277005,Irradiation hypothyroidism
190279008,Iodine hypothyroidism
190282003,Hypothyroidism resulting from para-aminosalicylic acid
190283008,Hypothyroidism resulting from phenylbutazone
190284002,Hypothyroidism resulting from resorcinol
190291004,Premature puberty due to hypothyroidism
190293001,Acute thyroiditis
190294007,Acute non-suppurative thyroiditis
190303007,Disorder of thyrocalcitonin secretion
190304001,Dyshormonogenic goiter
190308003,Thyroid-binding globulin abnormality
190309006,Thyroid atrophy
19034001,Hyperparathyroidism due to renal insufficiency
190368000,Type I diabetes mellitus with ulcer
190372001,Type I diabetes mellitus maturity onset
190389009,Type II diabetes mellitus with ulcer
190407009,Malnutrition-related diabetes mellitus with renal complications
190410002,Malnutrition-related diabetes mellitus with peripheral circulatory complications
190412005,Malnutrition-related diabetes mellitus without complications
190416008,Steroid-induced diabetes mellitus without complication
190429008,Self-induced hyperinsulinemia
190437000,Post-surgical hypoinsulinemia
190440000,Excessive glucagon secretion
190444009,Diminished gastrin secretion
190447002,Steroid-induced diabetes
190448007,Drug-induced hypoglycemia without coma
190454008,Autoimmune parathyroiditis
190455009,Post-surgical hypoparathyroidism
190459003,Cyst of parathyroid
190460008,Hemorrhage of parathyroid
190470005,Idiopathic panhypopituitarism
190471009,Post-birth injury panhypopituitarism
190472002,Post-infarction panhypopituitarism
190480009,Follicle stimulating hormone deficiency
190481008,Luteinizing hormone deficiency
190492009,Diencephalic syndrome secondary to tumor
190501008,Idiopathic Cushing's syndrome
190502001,Pituitary-dependent Cushing's disease
190507007,Primary hyperaldosteronism
190512008,Acquired adrenogenital syndrome
190524001,Drug-induced adrenocortical insufficiency
190535006,Hypersecretion of ovarian progesterone
190538008,Postablative ovarian failure
190552005,Postablative testicular hypofunction
190995003,Thymic aplasia or dysplasia with immunodeficiency
19195000,Hypothalamic-adrenal dysfunction
19387007,Ectopic pancreas
19608008,Hurthle cell metaplasia of thyroid gland
19742005,Relapsing pancreatic necrosis
197456007,Acute pancreatitis
197458008,Acute recurrent pancreatitis
197460005,Acute suppurative pancreatitis
197464001,Cyst and pseudocyst of pancreas
197483008,Post gastrointestinal tract surgery hypoglycemia
198115002,Galactorrhea due to non-obstetric cause
198137009,Subacute salpingo-oophoritis
198142001,Chronic salpingo-oophoritis
198297004,Simple cystoma of the ovary
198299001,Acquired atrophy of ovary and fallopian tube
198301008,Senile involution of ovary
198305004,Prolapse of ovary and fallopian tube
198309005,Torsion of the ovary and fallopian tube
198426000,Suppression of ovulation
198445009,Primary anovulatory infertility
198446005,Secondary anovulatory infertility
198824009,Salpingo-oophoritis following abortive pregnancy
19911007,Precocious female puberty
199223000,"Diabetes mellitus during pregnancy, childbirth and the puerperium"
199225007,Diabetes mellitus during pregnancy - baby delivered
199226008,Diabetes mellitus in the puerperium - baby delivered during current episode of care
199227004,Diabetes mellitus during pregnancy - baby not yet delivered
199228009,Diabetes mellitus in the puerperium - baby delivered during previous episode of care
199229001,Pre-existing type 1 diabetes mellitus
199230006,Pre-existing type 2 diabetes mellitus
199231005,Pre-existing malnutrition-related diabetes mellitus
199235001,"Thyroid dysfunction during pregnancy, childbirth and the puerperium"
199237009,Thyroid dysfunction during pregnancy - baby delivered
199238004,Thyroid dysfunction in the puerperium - baby delivered during current episode of care
199239007,Thyroid dysfunction during pregnancy - baby not yet delivered
199240009,Thyroid dysfunction in the puerperium - baby delivered during previous episode of care
201134009,Alopecia of pregnancy
201143000,Alopecia seborrheica
201146008,Drug-induced androgenic alopecia
2041006,Eunuchoid gigantism
20474007,Injury of multiple sites of pancreas without open wound into abdominal cavity
204805004,Anomalies of pancreas
204806003,Agenesis of pancreas
204808002,Congenital cyst of pancreas
205683001,Ovarian dysgenesis
205719003,"46, XX true hermaphrodite"
205744006,Congenital cyst of adrenal gland
205749001,Congenital absence of pituitary gland
205750001,Accessory pituitary gland
205757003,Aberrant parathyroid gland
20615009,Postirradiation testicular hypofunction
206481000,Perinatal endocrine and metabolic disorders
206506005,Transitory metabolic disturbance in infant of pre-diabetic mother
20673009,Disorder of thymus gland
20678000,"Extreme insulin resistance with acanthosis nigricans, hirsutism AND autoantibodies to the insulin receptors"
208061000119101,Adenoma of pancreas
20825002,Ketotic hypoglycemia
20900005,Nonfamilial asexual dwarfism
210089008,Closed injury of thymus
210095009,Open injury of thymus
210150004,Closed injury of pancreas
210155009,Injury of head of pancreas with open wound into abdominal cavity
210156005,Pancreas body injury with open wound into cavity
210157001,Injury of tail of pancreas with open wound into abdominal cavity
210160008,Injury to pancreas - open
210242000,Injury of ovary with open wound into abdominal cavity
210260000,Injury of adrenal gland with open wound into abdominal cavity
210393007,Open wound of thyroid
2109003,Isolated somatotropin deficiency
21095000,Secondary hyperprolactinemia
21279007,Lingual thyroid
213201002,Hyperstimulation of ovaries
21321000119104,Pancreatic acinar fistula
21367009,Autosomal dominant variant form of albumin
215677009,Congenital hypothyroidism with ectopic thyroid
21584002,Syndrome of infant of diabetic mother
216693007,Hypothyroid dwarfism
21731004,Female pseudopuberty
217710005,Congenital iodine deficiency syndrome
21983002,Hashimoto thyroiditis
22063003,Isolated deficiency of hormone other than human growth hormone
22095002,Injury of adrenal gland without open wound into abdominal cavity
22306000,Transient somatotropin deficiency
22350004,T>3< thyrotoxicosis
2241003,X-linked absence of thyroxine-binding globulin
22558005,Iodide transport defect
22910008,Impaired glucose tolerance in obese
23045005,Insulin dependent diabetes mellitus type IA
2307008,Fat necrosis of pancreas
233005009,Painless pancreatitis
233870001,Recurrent pancreatitis
234367000,Pancytopenia with pancreatitis
234689009,Relapsing pancreatitis
23536000,Iodotyrosyl coupling defect
235494005,Chronic pancreatitis
235667000,Late dumping syndrome
235733002,Postprocedural pancreatic steatorrhea
23587002,Phlegmon of pancreas
235941008,Gallstone acute pancreatitis
235942001,Alcohol-induced acute pancreatitis
235943006,Idiopathic acute pancreatitis
235944000,Drug-induced acute pancreatitis
235945004,Acute pancreatitis due to infection
235946003,Viral acute pancreatitis
235947007,Cytomegaloviral pancreatitis
235948002,Postoperative acute pancreatitis
235949005,Familial acute pancreatitis
235950005,Traumatic acute pancreatitis
235951009,Gallstone chronic pancreatitis
235952002,Alcohol-induced chronic pancreatitis
235953007,Idiopathic chronic pancreatitis
235954001,Obstructive chronic pancreatitis
235955000,Drug-induced chronic pancreatitis
235956004,Familial chronic pancreatitis
235957008,Pancreatic collection
235958003,Acute pancreatic fluid collection
235959006,Pancreatic and peripancreatic necrosis
235960001,Infected pancreatic necrosis
235961002,Polycystic disease of pancreas
235962009,Retention cyst of pancreas
235966007,Cystadenocarcinoma of pancreas
235967003,Cystadenoma of pancreas
235968008,Benign cystic tumor of exocrine pancreas
235969000,Pancreatic duct disorder
235971000,Pancreatic duct leakage
235972007,Pancreatic duct stricture
235973002,Pancreatic duct obstruction
235974008,Pancreatic duct calculus
235976005,Familial hypertrophy of sphincter of Oddi
235977001,Congenital malformation of pancreas
235978006,Cystic fibrosis of pancreas
235979003,Disorder of pancreatic duct anastomosis
235980000,Pancreatic anastomotic leak
235982008,Pancreatic duct anastomotic stricture
236464008,Hyporeninemic hypoaldosteronism
236796004,Hypogonadism with prune belly syndrome
236798003,Androgen resistance - infertile male
236810001,Acquired male infertility of endocrine origin
236811002,Acquired testicular failure
236813004,Post-chemotherapy testicular hypofunction
237046000,Gonococcal tubo-ovarian abscess
237055002,Polycystic ovary syndrome
237057005,Epithelial tumor of ovary
237058000,Sex cord tumor of ovary
237059008,Germ cell tumor of ovary
237116001,Chocolate cyst of ovary
237120002,Hypothalamic amenorrhea
237137009,Incipient ovarian failure
237138004,Menopause ovarian failure
237139007,Female infertility due to ovulatory disorder
237140009,Cycling ovulatory disorder
237141008,Luteal phase defect
237142001,Luteinized unruptured follicle syndrome
237494009,Diffuse goiter
237495005,Thyroid nodule
237498007,Toxic goiter
237499004,Thyrotoxicosis due to Graves' disease
237500008,Hashitoxicosis - transient
237501007,Thyrotoxicosis due to acute thyroiditis
237503005,Borderline thyrotoxicosis
237504004,Autonomous thyroid function
237505003,Apathetic thyrotoxicosis
237506002,Thyrotoxicosis in pregnancy
237507006,Human chorionic gonadotrophin-induced thyrotoxicosis
237508001,Iatrogenic thyrotoxicosis
237509009,Thyrotoxicosis on thyroxine therapy
237510004,Iodine-induced thyrotoxicosis
237512007,Thyrotoxicosis due to thyrotropin-secreting pituitary adenoma
237515009,Congenital hypothyroidism without goiter
237516005,Congenital thyroid hypoplasia
237517001,Congenital atrophy of thyroid
237518006,"Hypothyroid goiter, acquired"
237519003,Autoimmune hypothyroidism
237520009,Hypothyroidism due to Hashimoto's thyroiditis
237521008,Hypothyroidism due to thyroid stimulating hormone receptor blocking antibody
237526003,Euthyroid with thyroid antibodies
237527007,Postablative hypothyroidism
237528002,Post-infectious hypothyroidism
237529005,Acute viral thyroiditis
237538007,Chronic thyroiditis with transient thyrotoxicosis
237539004,Drug-induced thyroiditis
237541003,Silent thyroiditis
237542005,Sick-euthyroid syndrome
237543000,Thyroid hormone binding abnormality
237544006,Thyroid-binding globulin deficiency
237545007,Drug interference with thyroid-binding globulin
237546008,Thyroid-binding globulin high
237547004,Familial dysalbuminemic hyperthyroxinemia
237548009,Thyroid pre-albumin binding abnormality
237549001,Dysprealbuminemic euthyroidal hyperthyroxinemia
237550001,Euthyroid hypothyroxinemia
237551002,Euthyroid hyperthyroxinamia
237552009,C-cell hyperplasia of thyroid
237554005,Familial dyshormonogenetic goiter
237555006,Hypothyroidism due to iodide trapping defect
237556007,Hypothyroidism due to iodide organification defect
237558008,Acquired atrophy of thyroid
237559000,Thyroid hormone resistance syndrome
237560005,Generalized thyroid hormone resistance
237562002,Iodine deficiency syndrome
237565000,Congenital iodine deficiency syndrome - mixed type
237566004,Congenital iodine deficiency syndrome - neurological type
237567008,Subclinical iodine deficiency hypothyroidism
237569006,Uninodular goiter
237570007,Multinodular goiter
237571006,Iodine-deficiency-related multinodular endemic goiter
237573009,Injury of thyroid gland
237575002,Abnormality of vasoactive intestinal peptide secretion
237577005,Abnormality of somatostatin secretion
237578000,Excessive somatostatin secretion
237579008,Abnormality of pancreatic polypeptide secretion
237580006,Excessive pancreatic polypeptide secretion
237581005,Abnormality of secretin secretion
237582003,Excessive secretin secretion
237583008,Abnormality of cholecystokinin-pancreozymin secretion
237584002,Excessive cholecystokinin-pancreozymin secretion
237585001,Abnormality of gastric inhibitory peptide secretion
237586000,Excessive gastric inhibitory peptide secretion
237587009,Abnormality of glicentin secretion
237589007,Excessive glicentin secretion
237590003,Abnormality of motilin secretion
237591004,Excessive motilin secretion
237592006,Abnormality of bombesin secretion
237593001,Excessive bombesin secretion
237594007,Abnormality of serotonin secretion
237595008,Abnormality of neurotensine secretion
237598005,Hyperglycemic disorder
237599002,Insulin treated type 2 diabetes mellitus
237600004,Malnutrition-related diabetes mellitus - fibrocalculous
237601000,Secondary endocrine diabetes mellitus
237603002,Transitory neonatal diabetes mellitus
237604008,"Maturity onset diabetes of the young, type 2"
237606005,Hereditary benign acanthosis nigricans with insulin resistance
237608006,"Lipodystrophy, partial, with Rieger anomaly, short stature, and insulinopenic diabetes mellitus"
237610008,"Acrorenal field defect, ectodermal dysplasia, and lipoatrophic diabetes"
237612000,"Photomyoclonus, diabetes mellitus, deafness, nephropathy and cerebral dysfunction"
237613005,Hyperproinsulinemia
237616002,"Hypogonadism, diabetes mellitus, alopecia, mental retardation and electrocardiographic abnormalities"
237617006,"Megaloblastic anemia, thiamine-responsive, with diabetes mellitus and sensorineural deafness"
237619009,Diabetes-deafness syndrome maternally transmitted
237624007,Metabolic stress hyperglycemia
237625008,Hyperglycemic disorder in pregnancy
237627000,Pregnancy and type 2 diabetes mellitus
237628005,Impaired glucose tolerance in pregnancy
237631006,Neuroglycopenia
237635002,Nocturnal hypoglycemia due to diabetes mellitus
237637005,Non-diabetic hypoglycemia
237638000,Post-prandial hypoglycemia
237639008,Alimentary hypoglycemia
237640005,Drug-induced hypoglycemia
237641009,Alcohol-induced hypoglycemia
237642002,Ectopic insulin-like growth factor hypoglycemia
237643007,Ectopic insulin-like growth factor-1 hypoglycemia
237644001,Ectopic insulin-like growth factor-2 hypoglycemia
237645000,Tumor-induced hypoglycemia
237646004,Drug-induced hyperinsulinemia
237647008,Alimentary hyperinsulinemia
237651005,Insulin resistance - type A
237652003,Insulin resistance - type B
237653008,Familial primary hyperparathyroidism
237654002,Idiopathic hypoparathyroidism
237655001,Hypoparathyroidism - X-linked
237657009,Hypoparathyroidism - autosomal dominant
237658004,Pseudohypoparathyroidism and pseudopseudohypoparathyroidism
237659007,Pseudopseudohypoparathyroidism
237660002,Injury of parathyroid gland
237662005,Hyperprolactinemia
237663000,Idiopathic hyperprolactinemia
237664006,Pituitary stalk compression hyperprolactinemia
237665007,Drug-induced hyperprolactinemia
237666008,Physiological hyperprolactinemia
237667004,Lactation hyperprolactinemia
237668009,Pregnancy hyperprolactinemia
237669001,Adrenocorticotropic hormone hypersecretion
237670000,Adrenocorticotropic hormone hypersecretion not causing Cushing syndrome
237671001,Gonadotrophin hypersecretion
237672008,Luteinizing hormone hypersecretion
237673003,Follicle-stimulating hormone hypersecretion
237674009,Anterior pituitary hyperplasia
237675005,Somatotroph hyperplasia
237676006,Lactotroph hyperplasia
237677002,Gonadotroph hyperplasia
237678007,Thyrotroph hyperplasia
237680001,Corticotroph hyperplasia
237682009,Panhypopituitarism - anterior and posterior
237683004,Panhypopituitarism - X-linked
237684005,Sheehan's syndrome
237685006,Partial hypopituitarism
237687003,Isolated growth hormone deficiency - autosomal dominant
237688008,Idiopathic growth hormone deficiency
237689000,Growth hormone neurosecretory dysfunction
237691008,Psychosocial growth hormone deficiency
237692001,Adrenocorticotropic hormone deficiency
237693006,Idiopathic adrenocorticotropic hormone deficiency
237694000,Steroid suppression of adrenocorticotropic hormone secretion
237695004,Idiopathic thyroid stimulating hormone deficiency
237696003,Familial central diabetes insipidus
237697007,Oxytocin deficiency
237698002,Iatrogenic hypopituitarism
237699005,Post-traumatic hypopituitarism
237700006,Hypopituitarism due to iron overload
237701005,Pituitary apoplexy
237702003,Pituitary hemorrhage
237703008,Pituitary fibrosis
237704002,Pituitary fibrosis with midline fibrosis
237705001,Hypophysitis
237706000,Autoimmune hypophysitis
237707009,Lymphocytic hypophysitis of pregnancy
237708004,Granulomatous giant-cell hypophysitis
237710002,Pituitary granuloma
237711003,Hypothalamic granuloma
237716008,Pituitary cyst
237717004,Arachnoid cyst of pituitary
237718009,Pituitary gland enlarged
237719001,Pituitary adenoma with extrasellar extension
237721006,Tumor of pituitary and suprasellar region
237723009,Pituitary stalk compression
237724003,Hypothalamic disorder of appetite
237725002,Defective osmoregulation
237726001,Osmoregulation defect - absent thirst
237727005,Osmoregulation defect - excess thirst
237728000,Absent osmoregulation
237729008,Reset hypothalamic osmostat
237730003,Hypothalamic overactivity
237731004,Loss of hypothalamic inhibition
237733001,Diencephalic syndrome
237734007,Adrenocorticotropic hormone-dependent Cushing syndrome
237735008,Adrenal Cushing's syndrome
237736009,Cyclical Cushing's syndrome
237737000,Pseudo-Cushing's syndrome
237738005,Alcohol-induced pseudo-Cushing's syndrome
237739002,Pseudo-Cushing's syndrome of depression
237740000,Artefactual pseudo-Cushing's syndrome
237741001,Primary hyperaldosteronism due to adrenal adenoma
237742008,Primary hyperaldosteronism due to hyperplasia
237743003,Glucocorticoid-suppressible hyperaldosteronism
237744009,Adrenal hyperfunction
237745005,Catecholamine hypersecretion
237747002,Feminization-adrenogenital syndrome
237748007,"Pseudohermaphrodite, male with adrenocortical disorder"
237749004,Virilization-adrenogenital syndrome
237750004,"Pseudohermaphrodite, female with adrenocortical disorder"
237751000,Congenital adrenal hyperplasia
237753002,Salt-losing congenital adrenal hyperplasia
237754008,Late onset congenital adrenal hyperplasia
237755009,Congenital adrenal hyperplasia - desmolase deficiency
237760008,Addison's disease with adrenoleucodystrophy
237761007,Adrenal insufficiency due to adrenal metastasis
237762000,Post-adrenalectomy adrenal insufficiency
237763005,Iatrogenic adrenal insufficiency
237764004,"Congenital adrenal hypoplasia, X-linked"
237765003,Hyperreninemic hypoaldosteronism
237766002,Adrenocortical hemorrhage
237767006,Cortisol binding globulin high
237768001,Cortisol binding globulin low
237769009,Disorder of cortisol-cortisone shuttle
237770005,Syndrome of apparent mineralocorticoid excess
237771009,Corticosteroid 11-reductase deficiency
237772002,Adrenal atrophy
237774001,Small adrenal gland
237777008,Adrenocortical hyperplasia
237778003,Macronodular adrenal hyperplasia
237779006,Micronodular adrenal hyperplasia
237781008,Adrenomedullary hyperplasia
237782001,Enlarged adrenal gland
237784000,Adrenal cyst
237785004,Hypoadrenalism
237786003,Gynecological endocrinology disorder
237787007,Post-chemotherapy ovarian failure
237788002,Premature ovarian failure
237790001,Autoimmune primary ovarian failure
237793004,Hyperandrogenization syndrome
237795006,Virilizing ovarian tumor
237796007,Virilizing adrenal tumor
237799000,Endocrine menstrual disturbance
237800001,Endocrine female infertility
237801002,Normoprolactinemic galactorrhea
237806007,Androgen receptor absent
237807003,Undervirilization
237815000,Precocious pubarche
237816004,Central precocious puberty
237817008,Idiopathic central precocious puberty
237819006,Pseudo-puberty - virilization
237820000,Pseudo-puberty - feminization
237821001,Hermaphroditism
237822008,Autoimmune endocrine disease
237824009,Juvenile Graves' disease
237827002,Polyglandular hyperfunction
237830009,Ectopic parathyroid hormone-related protein secretion
237833006,Carcinoid crisis
237960000,D-2-hydroxyglutaric aciduria
237961001,L-2-hydroxyglutaric aciduria
238061001,Neonatal adrenoleucodystrophy
238069004,Acyl-coenzyme A oxidase deficiency
238728002,Involutional alopecia
239026002,Hypohidrosis-diabetes insipidus syndrome
24181002,Aplasia of thymus gland with immunodeficiency
24203005,"Extreme insulin resistance with acanthosis nigricans, hirsutism AND abnormal insulin receptors"
24251002,Hemorrhage into ovary
24358005,Accessory thymic tissue
24407009,Suppurative pancreatitis
24552005,Retained corpus luteum
24867002,Severe adrenal insufficiency
25008002,Hyperthyroidism due to struma ovarii
250591000119109,Salt-losing congenital adrenal hyperplasia with virilism
2518007,Cryptogenic sexual precocity
253005002,Vasoactive intestinal peptide-secreting tumor
253006001,Somatostatinoma
253010003,Microprolactinoma
253011004,Macroprolactinoma
253029009,Gangliocytic paraganglioma
253030004,Glomus vagale tumor
253031000,Glomus tympanicum tumor
253032007,Benign pheochromocytoma
253815007,Pancreatic duct anomaly
253822004,Congenital torsion of ovary
253823009,Embryonic cyst of ovary
254119005,Neonatal hyperparathyroidism
25420003,Injury of multiple sites of pancreas with open wound into abdominal cavity
254255007,Congenital malformation of anterior pituitary
254256008,Congenital malformation of posterior pituitary
254604005,Tumor of exocrine pancreas
254609000,Carcinoma of ampulla of Vater
254611009,Malignant tumor of endocrine pancreas
254612002,Carcinoma of endocrine pancreas
254613007,Carcinoid tumor of pancreas
254614001,Benign tumor of endocrine pancreas
254615000,Endocrine pancreatic adenoma
25476006,Acute suppurative thyroiditis
254849005,Malignant epithelial tumor of ovary
254850005,Serous papillary cystadenocarcinoma ovary
254851009,Mucinous cystadenocarcinoma of ovary
254852002,Endometrioid carcinoma ovary
254855000,Mixed epithelial tumor of ovary
254856004,Undifferentiated carcinoma of ovary
254857008,Benign epithelial tumor of ovary
254858003,Serous papillary cystadenoma of ovary
254859006,Brenner tumor of ovary
254860001,Malignant sex cord tumor of ovary
254862009,Benign sex cord tumor of ovary
254863004,Granulosa cell tumor of ovary
254864005,Theca cell tumor of ovary
254865006,Fibroma of ovary
254866007,Sertoli-Leydig cell tumor of ovary
254867003,Gynandroblastoma of ovary
254868008,Hilus cell tumor of ovary
254869000,Malignant germ cell tumor of ovary
254870004,Choriocarcinoma of ovary
254872007,Embryonal carcinoma of ovary
254873002,Benign germ cell tumor of ovary
254874008,Dysgerminoma of ovary
254875009,Mature solid teratoma of ovary
254876005,Endodermal sinus tumor of ovary
254955001,Pituitary carcinoma
254956000,Pituitary adenoma
254957009,Somatotroph adenoma
254958004,Corticotroph adenoma
254959007,Thyrotroph adenoma
254960002,Gonadotroph adenoma
254961003,Mixed-functioning pituitary adenoma
254962005,Functionless pituitary adenoma
254963000,Pituitary microadenoma
254964006,Pituitary mesoadenoma
254965007,Pituitary macroadenoma
254966008,Suprasellar extension of pituitary adenoma
255028004,Follicular thyroid carcinoma
255029007,Papillary thyroid carcinoma
255030002,Mixed follicular and papillary thyroid carcinoma
255031003,Anaplastic thyroid carcinoma
255032005,Medullary thyroid carcinoma
255033000,Thyroid adenoma
255034006,Thyroid follicular adenoma
255035007,Adrenal carcinoma
255036008,Adrenal adenoma
255037004,Parathyroid carcinoma
255038009,Growth hormone releasing factor-secreting tumor
255039001,Pancreatic polypeptidoma
255040004,Parathyroid hormone-related peptide-secreting tumor
255042007,Gastric inhibitory peptide-secreting tumor
255043002,Mixed pancreatic endocrine tumor
255088001,Malignant tumor of exocrine pancreas
255175001,Papilloma of ampulla of Vater
257242002,Aldosteronism due to neoplasm of the adrenal cortex
25803005,Pancreatic fistula
258117004,Idiopathic aldosteronism
25942009,Fibrosis of pancreas
2615004,Follicular cyst of ovary
26151008,Graves' disease with acropachy AND with thyrotoxic crisis
26254008,Potential abnormality of glucose tolerance
26267006,Isolated persistent neonatal hypoparathyroidism
262773008,Thyroid gland hematoma
262774002,Contusion of thyroid gland
262775001,Fragmentation of thyroid gland
262776000,Parathyroid gland hematoma
262777009,Contusion of parathyroid gland
262778004,Fragmentation of parathyroid gland
262779007,Hematoma of thymus
262780005,Laceration of thymus
262826007,Peripancreatic hematoma
262827003,Contusion of pancreas
262828008,Transection of pancreas
262829000,Laceration of pancreas parenchyma
262830005,Pancreatic duct injury
262831009,Injury of adrenal gland
262832002,Adrenal gland hematoma
262833007,Contusion of adrenal gland
262834001,Laceration of adrenal gland
262835000,Transection of adrenal gland
262836004,Fragmentation of adrenal gland
262926008,Laceration of ovary
262927004,Burn of ovary
262928009,Crushing of ovary
26389007,Toxic multinodular goiter
264580006,Thyroid dysfunction
264906008,Pituitary macroadenoma with extrasellar extension
26572003,Polyglandular dysfunction AND/OR related disorder
266581008,Acute salpingo-oophoritis
266589005,Endometriosis of ovary
266609001,Female infertility of anovulatory origin
26692000,Central hypothyroidism
267369002,Simple goiter
267374005,Toxic diffuse goiter
267386008,Gigantism and acromegaly
267388009,Idiopathic hypopituitarism
267389001,Post-birth injury hypopituitarism
267390005,Post-infarction hypopituitarism
267395000,Adrenogenital disorder
267400004,Secondary ovarian failure
267402007,Testicular hypofunction due to defect in adrenocortical hormone synthesis
267403002,Eunuchism
268302006,Aberrant thyroid gland
26935004,Tuberculosis of thyroid gland
269480005,Benign islet cell tumor
269496008,Neoplasm of uncertain behavior of endocrine glands and nervous system
27059002,Postoperative hypothyroidism
271386001,Post-infective hypopituitarism
271479005,Benign neoplasm of pituitary gland and craniopharyngeal duct
27158007,Injury of thymus gland
271949009,Iodine-deficiency-related endemic goiter
271956003,Benign tumor of exocrine pancreas
271961001,Congenital malformation of ovaries and fallopian tubes
2725003,Previous abnormality of glucose tolerance
27270004,Pituitary dwarfism with large sella turcica
274120003,Thyroid disease in pregnancy
274944000,Islet cell adenomatosis
2751001,Fibrocalculous pancreatic diabetes
27529000,Acquired atrophy of ovary
27538003,Hyperthyroidism with Hashimoto disease
275436001,Absent parathyroid gland
275437005,Adrenocortical hyperfunction
276177000,Thyroid eye disease
276555005,Perinatal disorders of glucose regulation
276560009,Diabetes mellitus in neonate small for gestational age
276561008,Transitory neonatal hypoglycemia
276562001,Iatrogenic neonatal hypoglycemia
276563006,Idiopathic transient neonatal hyperinsulinemia
276564000,Perinatal thyroid disorder
276565004,Neonatal goiter
276566003,Transient neonatal hypothyroidism
276629001,Transient hypothyroxinemia
276630006,Transient hypothyrotropinemia
276851006,Intraduct papilloma of pancreas
276852004,Papillary tumor of ampulla of Vater
276856001,Endocrine andrology disorder
277456001,Suprasellar germ cell tumor
277508009,Pineal germ cell tumor
277537008,Post-endoscopic retrograde cholangiopancreatography acute pancreatitis
277872000,Precocious puberty with adrenal hyperplasia
278051002,Malignant lymphoma of thyroid gland
278503003,Congenital hypothyroidism with diffuse goiter
279921000,Vesicular appendix of ovary
28032008,Insulin dependent diabetes mellitus type IB
280516007,Infection of ovary
28132005,Spasm of sphincter of Oddi
281562007,Adrenal neuroblastoma
282438003,Avulsion of pancreas
282439006,Tear of pancreas
283955002,Foreign body in ovary
283956001,Contusion of ovary
283980002,Crushing injury of pancreas
284000008,Endocrine injury
284194009,Burn of endocrine structure
2851000119101,Anterior pituitary hormone deficiency
285608006,Metastasis to thymus of unknown primary
285614004,Metastasis to pancreas of unknown primary
285637005,Metastasis to ovary of unknown primary
285643007,Metastasis to adrenal gland of unknown primary
286566006,Foreign body of endocrine structure
286909009,Thyrotoxicosis with or without goiter
286914008,"Pituitary, parathyroid, thymus disorder"
286917001,Hypergonadism
286918006,Gonad postablative failure
289921009,Acquired absence of ovary
29028009,Thyrotoxic crisis
290653008,Postpartum hypopituitarism
291665000,Postpartum intrapituitary hemorrhage
2917005,Transient hypothyroidism
29206004,Testicular hyperfunction
29326002,Ectopic hyperparathyroidism
297143008,Suprarenal artery embolus
297196004,Suprarenal artery aneurysm
297267009,Retrosternal thyroid gland
3002002,Hemorrhage of thyroid
301009006,Calcific chronic pancreatitis
30171000,Disorder of adrenal gland
30229009,Hypothyroidism due to infiltrative disease
302823005,Glucagonoma
302826002,Adrenal cortical adenoma
302865004,Non-diabetic disorder of endocrine pancreas
302866003,Hypoglycemia
302920007,Pancreatic malabsorption
302965003,Laceration of thyroid gland
303002,Apoplectic pancreatitis
303059007,Postpancreatectomy hypoinsulinemia
30635002,Abscess of thymus
30664006,"Multiple endocrine neoplasia, type 1"
3072001,Hormone-induced hypopituitarism
308865006,Pancreatic duct dysplasia
308866007,Mild pancreatic duct dysplasia
308867003,Moderate pancreatic duct dysplasia
308868008,Severe pancreatic duct dysplasia
308894004,Adrenal necrosis
30985009,Toxic nodular goiter with thyrotoxic storm
312426003,Endocrine infection
312427007,Thyroid infection
31258000,Cyst of pancreas
3129009,Infarction of ovary
31321000119102,Diabetes mellitus type 1 without retinopathy
31337009,Feminizing syndrome of adrenal origin
313435000,Type I diabetes mellitus without complication
313436004,Type II diabetes mellitus without complication
31351000119105,Diminished ovarian reserve
314191009,Cystadenocarcinoma of ovary
314741003,Ovarian hypersecretion
314947008,Carcinoid tumor of ampulla of Vater
314953008,Local recurrence of malignant tumor of thyroid gland
314964006,Local recurrence of malignant tumor of pancreas
31615009,Transitory neonatal hypoparathyroidism
317006,Reactive hypoglycemia
32284009,Impaired glucose tolerance in nonobese
32390006,Panhypopituitarism
32394002,Acquired benign adrenal androgenic overactivity
32454003,Congenital anomaly of the thyroid gland
32463001,Primary water-clear cell hyperplasia
32581000119101,Mild to moderate hyperstimulation of ovaries
32582007,Chronic oophoritis
32591000119103,Severe hyperstimulation of ovaries
326072005,Carcinoma of head of pancreas
33521000119105,Neoplasm of low malignant potential behavior of ovary
33559001,Pineal hyperplasia AND diabetes mellitus syndrome
335621000000101,Maternally inherited diabetes mellitus
33669002,"Pregestational diabetes mellitus AND/OR impaired glucose tolerance, modified White class D"
33927004,Hypogonadotropic hypogonadism
34041001,Achard-Thiers syndrome
34439005,Hyperplasia of ovarian stroma
34486009,Hyperthyroidism
34818008,"Pregestational diabetes mellitus AND/OR impaired glucose tolerance, modified White class B"
35082008,Cervical thymic remnant
350831000119103,Benign neoplasm of left adrenal gland
350861000119106,Primary malignant neoplasm of right adrenal gland
350921000119109,Primary malignant neoplasm of left adrenal gland
3511005,Infectious thyroiditis
351401000119101,Neoplasm of uncertain behavior of left adrenal gland
351501000119100,Neoplasm of uncertain behavior of left ovary
351571000119105,Neoplasm of uncertain behavior of right ovary
351601000119104,Neoplasm of uncertain behavior of right adrenal gland
353295004,Graves' disease
353921000119103,Benign neoplasm of right ovary
354091000119103,Benign neoplasm of left ovary
3549009,Pancreatic acinar atrophy
35567006,Isosexual precocious pseudopuberty
359619007,Pinealoma
359642000,Diabetes mellitus type 2 in nonobese
359742006,Transient hypoparathyroidism
359743001,Postablative hypoparathyroidism
359987004,Krukenberg tumor
360339005,Persistent hyperinsulinemic hypoglycemia of infancy
360348000,Pituitary thyroid hormone resistance
360353005,Thyrotoxicosis due to pituitary thyroid hormone resistance
360358001,Thyrotoxicosis due to overproduction of thyroid stimulating hormone
360361000,Thyrotoxicosis due to inappropriate thyroid stimulating hormone secretion
360424008,Dysplastic ovary
360426005,Congenital ovarian dysplasia
360546002,Hypoglycemic shock
36102002,Acute adrenal insufficiency with meningococcal septicemia
361117008,Female hypogonadotropic hypogonadism
361125005,Subacute autoimmune thyroiditis
361126006,Subacute lymphocytic thyroiditis
361127002,Atypical subacute thyroiditis
361128007,Hyperparathyroidism caused by lithium therapy
361201009,Persistent hyperplasia of thymus
361202002,Hypertrophy of thymus
36241006,Non-toxic multinodular goiter
362969004,Disorder of endocrine system
363103008,Endocrine system complication of procedure
363104002,Hereditary disorder of endocrine system
363128000,Fetal endocrine disorder
363355002,Malignant tumor of adrenal gland
363368005,Carcinoma of body of pancreas
363369002,Carcinoma of tail of pancreas
363417006,Malignant tumor of ampulla of Vater
363418001,Malignant tumor of pancreas
363419009,Malignant tumor of head of pancreas
363434003,Malignant tumor of thymus
363443007,Malignant tumor of ovary
363478007,Malignant tumor of thyroid gland
36348003,Primary hyperparathyroidism
363481002,Malignant tumor of parathyroid gland
363482009,Malignant tumor of pituitary gland
363483004,Malignant tumor of pineal gland
363627009,Parathyromatosis
363732003,Addison's disease
3652007,Overproduction of growth hormone
36641000119106,Euthyroid thyroiditis
366951000119109,Adolescent X-linked adrenoleukodystrophy
367041000119108,Childhood cerebral X-linked adrenoleukodystrophy
367201000119101,Thyroiditis caused by amiodarone
367411000119102,Hypopituitarism caused by drug
367460001,Pituitary dwarfism
367524008,Hypoplasia of thyroid
367631000119105,Hypothyroidism caused by drug
367641000119101,Increased gastrin secretion
367741000119106,Diffuse thyroid goiter without thyrotoxicosis
368331000119100,Short stature co-occurrent and due to endocrine disorder
368341000119109,Symptomatic postprocedural ovarian failure
368521000119107,Disorder of nerve co-occurrent and due to type 1 diabetes mellitus
368851000119102,Complete androgen insensitivity syndrome
368961000119107,Partial nephrogenic diabetes insipidus
369091000119106,Hypothyroidism caused by amiodarone
369522002,Primary malignant neoplasm of left ovary
369523007,Secondary malignant neoplasm of left ovary
369524001,Malignant tumor involving left ovary by direct extension from endometrium
369525000,Malignant tumor involving left ovary by direct extension from fallopian tube
369526004,Malignant tumor involving left ovary by direct extension from right ovary
369527008,Malignant tumor involving left ovary by direct extension from uterine cervix
369528003,Malignant tumor involving left ovary by direct extension from uterus
369529006,Primary malignant neoplasm of right ovary
369530001,Secondary malignant neoplasm of right ovary
369531002,Malignant tumor involving right ovary by direct extension from endometrium
369532009,Malignant tumor involving right ovary by direct extension from fallopian tube
369533004,Malignant tumor involving right ovary by direct extension from left ovary
369534005,Malignant tumor involving right ovary by direct extension from uterine cervix
369538008,Malignant tumor involving left broad ligament by metastasis from ovary
369540003,Malignant tumor involving right broad ligament by metastasis from ovary
369555007,Malignant tumor involving right fallopian tube by separate metastasis from ovary
369559001,Malignant tumor involving left ovary by direct extension from vagina
369560006,Malignant tumor involving left ovary by separate metastasis from endometrium
369561005,Malignant tumor involving left ovary by separate metastasis from fallopian tube
369562003,Malignant tumor involving left ovary by separate metastasis from right ovary
369563008,Malignant tumor involving left ovary by separate metastasis from uterine cervix
369564002,Malignant tumor involving left ovary by separate metastasis from vagina
369565001,Malignant tumor involving left ovary by separate metastasis uterus
369566000,Malignant tumor involving right ovary by direct extension from uterus
369567009,Malignant tumor involving right ovary by direct extension from vagina
369568004,Malignant tumor involving right ovary by separate metastasis from endometrium
369569007,Malignant tumor involving right ovary by separate metastasis from fallopian tube
369570008,Malignant tumor involving right ovary by separate metastasis from left ovary
369571007,Malignant tumor involving right ovary by separate metastasis from uterine cervix
369572000,Malignant tumor involving right ovary by separate metastasis from uterus
369573005,Malignant tumor involving right ovary by separate metastasis from vagina
369590004,Malignant tumor involving vulva by separate metastasis from ovary
36976004,Hypoparathyroidism
36985004,Inherited disorder of thyroid metabolism
370966000,Congenital anomaly of endocrine ovary
370997001,Primary testicular failure
370999003,Primary hypogonadism
37102008,Disorder of endocrine ovary
371118004,Congenital anomaly of endocrine gonad
371122009,Congenital anomaly of endocrine testis
371130005,Paraneoplastic ectopic secretion of adrenocorticotropic hormone
3716002,Goiter
371963002,Primary malignant neoplasm of adrenal cortex
371964008,Malignant neoplasm of adrenal cortex
371965009,Malignant neoplasm of adrenal medulla
371966005,Primary malignant neoplasm of adrenal medulla
371967001,Primary malignant neoplasm of ampulla of Vater
371982006,Malignant neoplasm of endocrine gland
371983001,Primary malignant neoplasm of endocrine gland
372003004,Primary malignant neoplasm of pancreas
372119009,Primary malignant neoplasm of head of pancreas
372142002,Carcinoma of pancreas
37295009,Hyperestrogenism
373662000,Primary adrenocortical insufficiency
37429009,Hypothalamic hypothyroidism
37495007,Familial adrenocortical hypoplasia
37703005,Ectopic hyperinsulinism
37814003,Postpancreatectomy hyperglycemia
37975005,Accessory ovary
37992001,Pancreatic insufficiency
38063000,"Pregestational diabetes mellitus AND/OR impaired glucose tolerance, modified White class C"
38074009,Abnormality of cortisol-binding globulin
38079004,Aseptic necrosis of pancreas
38296007,Congenital anomaly of ovary
385041000000108,Diabetes mellitus with multiple complications
385051000000106,Pre-existing diabetes mellitus
3855007,Disorder of pancreas
38576000,Nonfamilial hyperinsulinemic isolated somatotropin deficiency
38632003,Pharyngeal pituitary tissue
386584007,Adrenal cortical hypofunction
386635007,Precocious puberty with adrenocortical hyperfunction
386762009,Corpus luteum cyst
386764005,Luteinized follicular cyst
38727009,Subacute thyroiditis
387922007,Neoplasm of endocrine gland
387927001,Neoplasm of endocrine system
38824008,Congenital anomaly of the thymus
38825009,Deficiency of testosterone biosynthesis
389201004,Transient neonatal hyperparathyroidism
390951007,Impaired fasting glycemia
39120007,Failed attempted abortion with salpingo-oophoritis
39179006,Disorder of sexual differentiation
39205007,Infectious pancreatitis
39444001,Hypothyroidism due to fibrous invasive thyroiditis
397827003,Growth hormone deficiency
399244003,Disorder of pituitary gland
399525009,Inflammation of ampulla of Vater
39998009,Verner-Morrison syndrome
400179000,Precocious puberty
402503301000132107,Infection of pancreatic stent
40315008,Annular pancreas
403318005,Androgenetic alopecia in association with polycystic ovaries
403319002,Postmenopausal androgenetic alopecia
40478000,Cyst of thymus gland
40539002,Hypothyroidism following radioiodine therapy
405563007,Infected pancreatic pseudocyst
405629002,Infant hypothyroidism
405630007,Infant hypothyroidism to 24 months of age
40607004,Hyperthyroidism due to hydatidiform mole with thyrotoxic crisis
40781006,Hypopituitarism due to pituitary tumor
40791000119105,Postpartum gestational diabetes mellitus
40801000119106,Gestational diabetes mellitus complicating pregnancy
408539000,Insulin autoimmune syndrome
408540003,Diabetes mellitus caused by non-steroid drugs
40930008,Hypothyroidism
4107000,Infertile male syndrome
41299009,Iatrogenic Cushing's disease
41300001,X-linked reduction of thyroxine-binding globulin
413099000,Cyst of pineal gland
413183008,Diabetes mellitus caused by non-steroid drugs without complication
413184002,Fibrocalculous pancreatopathy without complication
413255001,Pancreas divisum - complete
413256000,Pancreas divisum - incomplete
413258004,Pancreatic duct obstruction by calculus
416712009,Clear cell (mesonephric) neoplasm of ovary
4184009,Congenital anomaly of endocrine gland
41864002,Autoimmune polyendocrinopathy
419153005,Nodular goiter
419920004,Adrenal hyperplasia
42021008,Familial diabetes insipidus
420351005,Adult-onset growth hormone deficiency
420499009,Hypogonadotropic hypogonadism due to isolated gonadotropin deficiency
421000119103,Complex ovarian cyst
421019006,Hypogonadotropic hypogonadism due to follicle-stimulating hormone deficiency
421684006,Adult growth hormone deficiency
421821002,Hypogonadotropic hypogonadism due to luteinizing hormone deficiency
42183005,Pseudohypoparathyroidism type II
421931005,Adult growth hormone deficiency with onset in childhood
42245002,Iatrogenic ovarian failure
42277004,Transient decreased production of T>3<
422782004,"Primary malignant neoplasm of ovary, with widespread metastatic disease"
423158009,Hurthle cell carcinoma of thyroid
423627007,Sarcoma of ovary
424887002,"Primary malignant neoplasm of thyroid gland, metastatic to bone"
426255005,Dysglycemia
426488001,Female infertility due to oligo-ovulation
426705001,Diabetes mellitus co-occurrent and due to cystic fibrosis
426780009,Hypergonadotropic amenorrhea
42681006,Islet cell hyperplasia
426875007,Latent autoimmune diabetes mellitus in adult
426958002,Empty follicle syndrome
427089005,Diabetes mellitus due to cystic fibrosis
427547007,Female infertility due to diminished ovarian reserve
42785009,Hypothyroidism due to cystinosis
427970008,Subclinical hyperthyroidism
428041004,Subacute granulomatous thyroiditis
428165003,Hypothyroidism in pregnancy
4294006,Isosexual precocious puberty
429514007,Growth hormone deficiency after bone marrow transplant
42954008,Diabetes mellitus associated with receptor abnormality
43019009,Nelson syndrome
430456005,Torsion of appendages of the epoophoron
4307007,"Pregestational diabetes mellitus AND/OR impaired glucose tolerance, modified White class F"
430887001,Dysfunction of sphincter of Oddi
431506006,Rejection of pancreas transplant
43153006,Myxedema
433592008,Acute rejection of pancreas transplant
433809002,Accelerated rejection of pancreas transplant
434202008,Hyperacute rejection of pancreas transplant
434271002,Chronic rejection of pancreas transplant
43449002,Thyroglobulin proteolysis defect
43507005,Adult myxedema
43941006,"Pseudohypoaldosteronism, type 1"
4399003,Acute hemorrhagic pancreatitis
440092001,Endemic congenital iodine deficiency syndrome of myxedematous type
440525003,Primary small cell neoplasm of thymus
44054006,Diabetes mellitus type 2
441981006,Hypertrophy of ovary
442001,Secondary hypopituitarism
44231009,Cholesterol monooxygenase (side-chain cleaving) deficiency
442498002,Endocrine axis dysfunction
442761002,Hypothalamic-pituitary-gonadal axis dysfunction
442762009,Hypothalamic-pituitary-adrenal axis dysfunction
442781001,Hypothalamic-pituitary-ovarian axis dysfunction
442782008,Hypothalamic-pituitary-testicular axis dysfunction
443898004,Virilization of female due to SOX9 gene duplication
444058005,Virilization of female due to SRY gene translocation
444173008,Undervirilization of male due to steroidogenic acute regulatory protein deficiency
445158000,Colloid cyst of pituitary gland
445260006,Posttransplant diabetes mellitus
445347002,Calcifying cyst of thyroid
445507008,Inflammation of pancreas caused by alcohol
445878006,Multifocal granulomatous folliculitis of the thyroid
44636008,Interstitial pancreatitis
446390008,Traumatic injury of body of pancreas
446391007,Traumatic injury of head of pancreas
446392000,Traumatic injury of tail of pancreas
44655008,Rupture of follicular cyst of ovary
44671008,Perinatal adrenal hemorrhage
446915006,Leakage from pancreatic tail
446945009,Invasive pituitary adenoma
447249001,Benign cyst of ovary
44744000,Hyperthyroidism due to molar thyrotropin
447711004,Follicular neoplasm of thyroid
447768002,Follicular adenoma of ectopic thyroid tissue
447883002,Malignant neoplasm of carotid body
448148000,Functioning pituitary neoplasm
448216007,Malignant epithelial neoplasm of thyroid
448376000,Non-Hodgkin's lymphoma of ovary
448542008,Autoimmune pancreatitis
448563005,Functionless pituitary neoplasm
448609001,Diffuse non-Hodgkin's lymphoma of ovary
448863000,Malignant epithelial neoplasm of pineal gland
449097000,Hyperfunctioning follicular adenoma of thyroid gland
449307001,Follicular non-Hodgkin's lymphoma of ovary
449730005,Autoimmune polyendocrine syndrome type 4
449731009,Autoimmune polyendocrine syndrome type 3
45019006,Bard-Pic syndrome
45053005,Chronic thyroiditis
45055003,Postirradiation ovarian failure
45235005,Mild steroid 21-hydroxylase deficiency
45248009,Isosexual virilization
45369008,Neurohypophyseal diabetes insipidus
45414006,Glucocorticoid deficiency with achalasia
45476004,"Iodine deficiency disease, non goiter"
45740001,Diencephalic syndrome of infancy
4641009,Myxedema heart disease
46536000,Tubo-ovarian inflammatory disease
46635009,Diabetes mellitus type 1
46724008,Polyglandular activity in multiple endocrine adenomatosis
46894009,"Gestational diabetes mellitus, class A>2<"
47270006,Hypercortisolism
473418001,Intraductal papillary mucinous adenoma of pancreas
473419009,Intraductal papillary mucinous carcinoma in situ of pancreas
47367009,Exocrine pancreatic insufficiency
47378001,Viral thyroiditis
47445009,Hyperparathyroidism due to vitamin D deficiency
47533003,Injury of tail of pancreas without open wound into abdominal cavity
47757001,Corticosterone 18-monooxygenase deficiency
4783006,Maternal diabetes mellitus with hypoglycemia affecting fetus OR newborn
479003,Graves' disease with pretibial myxedema AND with thyrotoxic crisis
48119005,Dysplasia of thymus gland with immunodeficiency
48130008,Hypogonadism
48723006,Male hypogonadism
48839007,Glucagon resistance
4900002,Endocrine disorder related to puberty
49013001,17 alpha-Hydroxyprogesterone aldolase deficiency
49111001,Adrenal hemorrhage
49494003,Ectopic adrenal gland
49817004,Neonatal diabetes mellitus
49830003,Hypothyroidism caused by food stuff
4997005,Thyrotoxicosis factitia
5036006,Hypogonadal obesity
50375007,Thyroid hormone responsiveness defect
50658006,Testosterone 17-beta-dehydrogenase deficiency
51002006,Diabetes mellitus associated with pancreatic disease
51080000,Complete testicular feminization syndrome
51371005,Pituitary dwarfism with normal somatotropin level AND low somatomedin
51707007,Legal abortion with salpingo-oophoritis
51742006,Disorder of anterior pituitary
52604008,"Steroid 21-monooxygenase deficiency, simple virilizing type"
52724003,Iodide oxidation defect
52767006,Neonatal hypoglycemia
52772002,Postpartum thyroiditis
52832001,Testicular feminization
52859009,Rathke's pouch cyst
530558861000132104,Atypical diabetes mellitus
53067009,Pancreatic ascites
53132006,Zollinger-Ellison syndrome
53616007,Subacute pancreatic necrosis
5368009,Drug-induced diabetes mellitus
54470008,3 beta-Hydroxysteroid dehydrogenase deficiency
54507005,Spurious sexual precocity
54539003,Endocrine alopecia
54554009,Pancreas divisum
54576000,Pancreatic steatorrhea
547009,Hypersecretion of calcitonin
54823002,Subclinical hypothyroidism
55003009,Adrenal medullary insufficiency
55004003,Syndrome of inappropriate vasopressin secretion
55296004,X-linked excess of thyroxine-binding globulin
55426007,Open wound of thyroid gland with complication
5552004,Disorder of ovary
55807009,Toxic diffuse goiter with exophthalmos
55838005,Athyrotic hypothyroidism sequence
5604000,Neonatal transient hyperthyroidism
56041007,Hypothyroidism due to defect in thyroid hormone synthesis
56090007,Pseudohypoparathyroidism type I B
56112001,Thyroxine transport defect
56212008,Leydig cell agenesis
56805008,Endemic goiter
56823000,Cervical thyroid remnant
57185003,Primary hypothyroidism
57468008,Salpingo-oophoritis following molar AND/OR ectopic pregnancy
57777000,Toxic nodular goiter
57886004,Protein-deficient diabetes mellitus
5834008,Hyperthyroidism caused by potassium iodide
58565006,Injury of head of pancreas without open wound into cavity
58833000,Pseudohypoparathyroidism type I A
58949002,Tubo-ovarian abscess
58976002,Pseudohypoparathyroidism
59079001,Diabetes mellitus associated with hormonal etiology
59136001,"Thyroid disease in mother complicating pregnancy, childbirth AND/OR puerperium"
59154002,Subacute pancreatitis
59329007,Metabolic pancreatitis
59572000,Necrosis of pituitary
5969009,Diabetes mellitus associated with genetic syndrome
59957008,Neonatal Graves' disease
60045007,Moderate steroid 21-hydroxylase deficiency
60086000,Aldosterone deficiency
60216004,Toxic diffuse goiter with thyrotoxic crisis
60268006,Toxic diffuse goiter with pretibial myxedema
60634005,Impaired glucose tolerance associated with drugs
60637003,Congenital anomaly of adrenal gland
60733007,Hypothyroidism due to amyloidosis
60878004,Theca-lutein cyst of ovary
608817003,Pituicytoma
609201007,Hemorrhage of pancreatic duct
609484000,Induced termination of pregnancy complicated by salpingo-oophoritis
609561005,Maturity-onset diabetes of the young
609562003,"Maturity onset diabetes of the young, type 1"
609563008,Pre-existing diabetes mellitus in pregnancy
609564002,Pre-existing type 1 diabetes mellitus in pregnancy
609565001,Permanent neonatal diabetes mellitus
609566000,Pregnancy and type 1 diabetes mellitus
609567009,Pre-existing type 2 diabetes mellitus in pregnancy
609568004,Diabetes mellitus due to genetic defect in beta cell function
609569007,Diabetes mellitus due to genetic defect in insulin action
609570008,"Maturity-onset diabetes of the young, type 3"
609571007,"Maturity-onset diabetes of the young, type 4"
609572000,"Maturity-onset diabetes of the young, type 5"
609573005,"Maturity-onset diabetes of the young, type 6"
609574004,"Maturity-onset diabetes of the young, type 7"
609575003,"Maturity-onset diabetes of the young, type 8"
609576002,"Maturity-onset diabetes of the young, type 9"
609577006,"Maturity-onset diabetes of the young, type 10"
609578001,"Maturity-onset diabetes of the young, type 11"
609579009,"Diabetes mellitus, transient neonatal 1"
609580007,"Diabetes mellitus, transient neonatal 2"
609581006,"Diabetes mellitus, transient neonatal 3"
60968001,Adenomatous goiter
61037007,Colloid goiter
61165007,Hereditary nephrogenic diabetes insipidus
61221008,Baggenstoss change of pancreas
61530001,"Multiple endocrine neoplasia, type 3"
61556008,Iatrogenic thyroiditis
61568004,Miscarriage with salpingo-oophoritis
61701006,Lymphocytic hypopituitarism
61808009,"Multiple endocrine neoplasia, type 2"
61823004,Injury of pancreas
61933008,Hyperadrenergic postural hypotension
61998001,Glucagon deficiency
62052002,Hyperthyroidism caused by amiodarone
62151007,Leucine-induced hypoglycemia
62206004,Abscess of pituitary
62278002,Toxic multinodular goiter with thyrotoxic crisis
62524003,Ectopic ovary
626004,Hypercortisolism due to nonpituitary tumor
62999006,Adiposogenital dystrophy
63115005,Hypothyroidism due to scleroderma
63127008,Thyroglobulin synthesis defect
63402005,Meigs' syndrome
63981007,Neonatal hypoparathyroidism
64491003,Myxedematous form of cretinism
64678009,Non-pregnancy related A-G syndrome
65048006,Accessory parathyroid gland
65237009,Accessory thyroid gland
65274008,Congenital anomaly of parathyroid glands
6537000,Ectopic pituitary tissue
65389002,Adrenoleukodystrophy
65846009,Primary ovarian failure
65963007,Echinococcus granulosus infection of thyroid
66095000,Mixed hypoglycemia
66149005,Hyperplasia of pancreatic islet beta cell
66185005,Autosomal dominant excess of transthyretin
66392007,Substernal goiter
66628005,Toxic diffuse goiter with exophthalmos AND with thyrotoxic storm
66841006,Mullerian inhibiting factor deficiency
66944004,Autoimmune thyroiditis
66957007,Iatrogenic testicular hypofunction
66998000,Large ovary
66999008,Hyperparathyroidism
6724001,Ectopic pancreas in duodenum
67447005,Injury of body of pancreas without open wound into abdominal cavity
67528009,Incomplete testicular feminization syndrome
6761005,Familial hypergastrinemic duodenal ulcer
67723002,Hyperthyroidism caused by radio contrast dye
67761000119108,Autonomously functioning thyroid goiter
67805000,Secondary aldosteronism
67873006,Isolated prolactin deficiency
68061000119109,Partial diabetes insipidus
68072000,Hereditary pancreatitis
681621000119105,Primary adenocarcinoma of body of pancreas
681721000119103,Primary adenocarcinoma of head of pancreas
682821000119102,Benign neuroendocrine neoplasm of pancreas
68352004,Accessory adrenal gland
68581004,Hypoglycemia of childhood
68591005,Congenital hypoplasia of pancreas
690761000119100,Serous cystadenoma of pancreas
690771000119106,Intraductal papillary mucinous neoplasm of pancreas
69194003,Aldosteronism with nodular hyperplasia of adrenal cortex
69329005,Toxic uninodular goiter with thyrotoxic crisis
69478001,Pancreatic colipase deficiency
69643006,Abscess of pancreas
6974005,Fasting hypoglycemia
698187008,Varices of ovary
698577000,Infant hypothyroidism caused by maternal drug
698854006,Hyperandrogenism due to non-classic type of 21-hydroxylase deficiency
698870008,2-hydroxyglutaric aciduria
699275001,WNT4 Mllerian aplasia and ovarian dysfunction
699298009,"Blepharophimosis-mental retardation syndrome, Say-Barber-Biesecker-Young-Simpson type"
699331002,Granular cell tumor of neurohypophysis
700423003,Adenocarcinoma of pancreas
70140000,Receptor-positive androgen resistance syndrome
70225006,Hypothyroidism caused by iodide excess
702368000,Carcinosarcoma of ovary
702375004,Familial isolated pituitary adenoma
702378002,Hyperparathyroidism-jaw tumor syndrome
702614000,Aplasia of parathyroid gland
702615004,Aplasia of adrenal gland
702623002,Aplasia of thymus
702949005,Proopiomelanocortin deficiency syndrome
703136005,Diabetes mellitus in remission
703137001,Type I diabetes mellitus in remission
703138006,Type II diabetes mellitus in remission
703231005,Familial hyperaldosteronism
703232003,Familial hyperaldosteronism type 1
703233008,Familial hyperaldosteronism type 2
703234002,Familial hyperaldosteronism type 3
703306007,Primary hyperaldosteronism due to aldosterone-secreting malignant neoplasm of adrenal gland
703309000,Familial gestational hyperthyroidism
70348004,Pendred's syndrome
704190008,Massive ovarian edema
70550008,Streak ovary
70694009,Diabetes mellitus AND insipidus with optic atrophy AND deafness
707450006,Pancreatic insufficiency due to cystic fibrosis of pancreas
707747007,Pseudoprimary hyperaldosteronism
707750005,Hyperaldosteronism co-occurrent with hyperplasia of the adrenal cortex
707751009,Juxtaglomerular hyperplasia co-occurrent with secondary hyperaldosteronism
707766007,Exocrine pancreatic manifestation co-occurrent and due to cystic fibrosis
708971008,Diffuse sclerosing papillary thyroid carcinoma
709124008,Chronic fibrous thyroiditis
709147009,Gingivitis co-occurrent with diabetes mellitus
70953003,Transient decreased production of thyroid hormone
71003000,Ateleiotic dwarfism
711151004,Hypomagnesemia with secondary hypocalcemia
711518002,Diffuse hyperplastic goiter
713189001,Malignant insulinoma
713401006,Combined D-2-hydroxyglutaric aciduria and L-2-hydroxyglutaric aciduria
713679001,Retention cyst of corpus luteum
715218009,Neonatal severe primary hyperparathyroidism
715343000,Familial aldosterone deficiency
715402001,Hereditary glucocorticoid resistance
715414009,Familial malignant neoplasm of pancreas
715429006,Congenital muscular dystrophy with infantile cataract and hypogonadism syndrome
715668008,Pituitary deficiency due to empty sella turcica syndrome
715727009,Pituitary stalk interruption syndrome
715733000,Congenital adrenal hyperplasia due to cytochrome P450 oxidoreductase deficiency
715734006,Congenital absence of half of thyroid
71578002,"Steroid 21-monooxygenase deficiency, salt wasting type"
715830008,Exercise-induced hyperinsulinism
715868005,Primary unilateral adrenal hyperplasia
715904005,Pineal parenchymal tumor of intermediate differentiation
715907003,Multiple endocrine neoplasia type 4
715984007,Cerebellar ataxia with hypogonadism and choroidal dystrophy syndrome
716077006,Teratoma of ovary
716200002,Nephrogenic diabetes insipidus and intracranial calcification syndrome
716338001,Muscular pseudohypertrophy and hypothyroidism syndrome
716362006,Gingival disease co-occurrent with diabetes mellitus
716588005,Primary non-gestational choriocarcinoma of ovary
716594002,Gonadoblastoma of ovary
716653001,Neuroendocrine carcinoma of thymus
716657000,Familial papillary thyroid carcinoma with renal papillary neoplasia syndrome
716743006,Familial hyperthyroidism due to mutation in thyroid stimulating hormone receptor
716855006,Theca steroid producing cell malignant neoplasm of ovary
717044000,Adult onset non-insulinoma persistent hyperinsulinemic hypoglycemia
717045004,Autosomal dominant hyperinsulinism due to Kir6.2 deficiency
717046003,Autosomal dominant hyperinsulinism due to sulfonylurea receptor 1 deficiency
717048002,Hyperinsulinism due to hepatocyte nuclear factor 4-alpha deficiency
717182006,Hyperinsulinism due to deficiency of glucokinase
717185008,Deficiency of leukotriene C4 synthase
717260007,Congenital lipoid adrenal hyperplasia due to steroidogenic acute regulatory protein deficiency
717261006,Classic congenital adrenal hyperplasia due to 21-hydroxylase deficiency
717333002,Congenital hypothyroidism due to transplacental passage of maternal thyroid stimulating hormone binding inhibitory antibody
717334008,Idiopathic congenital hypothyroidism
717703006,Bilateral congenital absence of ovary
717734005,Papillary thyroid carcinoma with renal papillary neoplasia
717792007,Pseudohypoparathyroidism type 1C
717888008,Hyperinsulinism due to focal adenomatous hyperplasia
717889000,Hypergastrinemia caused by drug
717895004,Hypoparathyroidism due to impaired parathormone secretion
717897007,Hereditary isolated hypoparathyroidism due to agenesis of parathyroid gland
717898002,Hereditary isolated hypoparathyroidism due to impaired parathormone secretion
717899005,Hypoparathyroidism after iodine thyroid ablation
717900000,Hypoparathyroidism after external beam radiotherapy
717901001,Hypoparathyroidism due to hemochromatosis
717902008,Transient neonatal hypoparathyroidism due to maternal hyperparathyroidism
717903003,Secondary hypoparathyroidism
717904009,Hypoparathyroidism due to granulomatous disease
717910009,Iatrogenic premature ovarian failure
717919005,Neuroendocrine tumor of pancreas
717921000,Poorly-differentiated neuroendocrine carcinoma of thymus
717922007,Well-differentiated neuroendocrine carcinoma of thymus
718106009,Hyperinsulinism and hyperammonemia syndrome
718182008,Combined pituitary hormone deficiency genetic form
718183003,Familial thyroid dyshormonogenesis
718193005,Peripheral resistance to thyroid hormone
718194004,Hypothyroidism due to mutation in transcription factor of pituitary development
718220008,Hereditary breast and ovarian cancer syndrome
71858003,Autoimmune hypoglycemia
718690009,Congenital hypothyroidism due to absence of thyroid gland
718714006,Deafness and hypogonadism syndrome
718715007,Acanthosis nigricans and insulin resistance with muscle cramp and acral enlargement syndrome
718914002,X-linked intellectual disability Van Esch type
719013004,X-linked intellectual disability Cilliers type
719044008,Partial agenesis of pancreas
719049003,Myelolipoma of adrenal gland
719160009,Syndromic X-linked intellectual disability type 7
719274008,Primary pigmented nodular adrenocortical disease
719275009,Primary hypergonadotropic hypogonadism and partial alopecia syndrome
719451006,Dilated cardiomyopathy with hypergonadotropic hypogonadism syndrome
71974009,Hereditary adrenal unresponsiveness to corticotropin
719826004,X-linked intellectual disability with acromegaly and hyperactivity syndrome
720459002,Hypercortisolism due to macronodular adrenal hyperplasia
720519003,"Atherosclerosis, deafness, diabetes, epilepsy, nephropathy syndrome"
72071001,Mumps thyroiditis
720981000,Alopecia and intellectual disability with hypergonadotropic hypogonadism syndrome
721072003,"Short stature, pituitary and cerebellar defect and small sella turcica syndrome"
721083007,Lymphedema hypoparathyroidism syndrome
721088003,"Developmental delay, epilepsy, neonatal diabetes syndrome"
721176002,Idiopathic premature ovarian failure
721188000,Multiple endocrine neoplasia type 2A
721198006,Premature ovarian failure due to autoimmune oophoritis
721231007,Hydrocephalus with obesity and hypogonadism syndrome
721233005,Hypergonadotropic hypogonadism with cataract syndrome
721234004,Hyperinsulinism due to hepatocyte nuclear factor 1-alpha deficiency
721235003,Hyperinsulinism due to insulin receptor deficiency
721236002,Hyperinsulinism due to short chain 3-hydroxyacyl-coenzyme A dehydrogenase deficiency
721286008,Hypoinsulinemia following procedure
721287004,Hypoparathyroidism following procedure
721288009,Hypopituitarism following procedure
721289001,Testicular hypofunction following procedure
721290005,Adrenocortical hypofunction following procedure
721718003,Primary adenocarcinoma of ampulla of Vater
721719006,Adenoma of ampulla of Vater
721722008,Dyskinesia of sphincter of Oddi
721724009,Acute on chronic pancreatitis
721834007,Hyperinsulinism due to uncoupling protein 2 deficiency
721841001,Hypogonadism with mitral valve prolapse and intellectual disability syndrome
721842008,Hypogonadotropic hypogonadism with frontoparietal alopecia syndrome
721846006,"Hypomyelination, hypogonadotropic hypogonadism, hypodontia syndrome"
721977007,"Lung fibrosis, immunodeficiency, 46,XX gonadal dysgenesis syndrome"
722002002,"Intellectual disability, balding, patella luxation, acromicria syndrome"
722027009,Kallman syndrome with heart disease
722051004,"Obesity, colitis, hypothyroidism, cardiac hypertrophy, developmental delay syndrome"
722114007,"Sclerosing dysplasia of bone, ichthyosis, premature ovarian failure syndrome"
722206009,"Pancreatic hypoplasia, diabetes mellitus, congenital heart disease syndrome"
722207000,"Pancreatic insufficiency, dyserythropoietic anemia, calvarial hyperostosis syndrome"
722288007,Autoimmune enteropathy and endocrinopathy with susceptibility to chronic infection syndrome
722375007,Bamforth Lazarus syndrome
722377004,Paraganglioma and gastric stromal sarcoma syndrome
722378009,Congenital cataract with deafness and hypogonadism syndrome
722380003,Congenital cataract with intellectual disability and hypogonadotropic hypogonadism syndrome
722454003,"Intellectual disability, craniofacial dysmorphism, hypogonadism, diabetes mellitus syndrome"
722459008,"Male hypergonadotropic hypogonadism, intellectual disability, skeletal anomaly syndrome"
722544004,Pancreatitis due to pancreatic duct obstruction
722578005,Hemorrhage of adrenal gland due to birth trauma
722670005,Primary thymic carcinoma
722684000,Primary low grade serous adenocarcinoma of ovary
722685004,Primary high grade serous adenocarcinoma of ovary
72271000119100,Hyperthyroidism in pregnancy
722871007,Groove pancreatitis
722872000,Autoimmune pancreatitis type 1
722873005,Secondary pancreatic insufficiency
722882004,Functional biliary sphincter of Oddi disorder
722883009,Functional pancreatic sphincter of Oddi disorder
722938007,Congenital central hypothyroidism
722939004,Congenital hypothyroidism due to iodine deficiency
722940002,Acquired central hypothyroidism
722941003,Secondary hyperthyroidism
722942005,Familial hyperthyroidism
722943000,Macroprolactinemia
722944006,Congenital hypogonadotropic hypogonadism
723172008,Bilateral acquired absence of ovary
72325004,Cyst of thyroid
723309006,Endocrine-cerebro-osteodysplasia syndrome
723409007,"Multinodular goiter, cystic kidney, polydactyly syndrome"
723555007,"Thymic, renal, anal, lung dysplasia syndrome"
723720008,"Sex reversion, kidney, adrenal and lung dysgenesis syndrome"
723999009,"Retinitis pigmentosa, hypopituitarism, nephronophthisis, skeletal dysplasia syndrome"
724000006,Retinohepatoendocrinologic syndrome
724001005,"Retinitis pigmentosa, intellectual disability, deafness, hypogenitalism syndrome"
724067006,Permanent neonatal diabetes mellitus with cerebellar agenesis syndrome
724093004,"Nephropathy, deafness, hyperparathyroidism syndrome"
724097003,"Moyamoya angiopathy, short stature, facial dysmorphism, hypergonadotropic hypogonadism syndrome"
724146008,Metaphyseal chondromatosis co-occurrent with D-2 hydroxyglutaric aciduria
724174003,"Moebius syndrome, axonal neuropathy, hypogonadotropic hypogonadism syndrome"
724275005,Primary immunodeficiency with natural killer cell deficiency and adrenal insufficiency
724276006,"X-linked immune dysregulation, polyendocrinopathy, enteropathy syndrome"
724281002,"Hyposmia, nasal and ocular hypoplasia, hypogonadotropic hypogonadism syndrome"
724282009,"Hypoparathyroidism, deafness, renal disease syndrome"
724385009,Growth delay due to insulin-like growth factor type 1 deficiency
72442006,Disorder of posterior pituitary
724456002,Superficial endometriosis of ovary
724461000,Ovarian failure due to procedure
724508005,Late-onset central hypoventilation co-occurrent and due to hypothalamic dysfunction
72452005,Cerebral hypernatremia
724540009,Tropical calcific chronic pancreatitis
724552002,Primary poorly differentiated carcinoma of thyroid gland
724553007,Primary undifferentiated carcinoma of thyroid gland
724554001,Primary malignant epithelial neoplasm of endocrine gland
724555000,Puberty disorder due to estrogen resistance
724576005,Pyridoxal 5-phosphate dependent epilepsy
72466000,Injury of suprarenal arteries
725029001,Frontonasal dysplasia with alopecia and genital anomaly syndrome
725036000,Familial isolated hypoparathyroidism
725045004,"46,XY partial gonadal dysgenesis"
725295005,Familial male-limited precocious puberty
725462002,Congenital central hypothyroidism due to thyrotropin-releasing hormone receptor deficiency
726029005,McCune Albright syndrome
726652005,Malignant carcinoid tumor of thymus
73064001,Thyrotropin overproduction
73068003,X-linked variant form of thyroxine-binding globulin
73132005,Disorder of parathyroid gland
73211009,Diabetes mellitus
7322007,Accessory adrenal cortex
732246009,"X-linked intellectual disability, limb spasticity, retinal dystrophy, diabetes insipidus syndrome"
73291005,Congenital absence of parathyroid gland
732958004,Spastic paraplegia with precocious puberty syndrome
733072002,"Alaninuria, microcephaly, dwarfism, enamel hypoplasia, diabetes mellitus syndrome"
733092009,"Microcephalus, hypergonadotropic hypogonadism, short stature syndrome"
733096007,Thyrocerebrorenal syndrome
733113002,Hypogonadotropic hypogonadism retinitis pigmentosa syndrome
733133003,Hemorrhage due to egg retrieval
733351008,Primary malignant neuroendocrine neoplasm of ampulla of Vater
733361001,Primary mucinous adenocarcinoma of ovary
733491005,Carney complex
733492003,Carney triad
733651001,Leydig cell hyperplasia of ovary
733652008,Leydig cell hyperplasia of testis
734022008,Wolfram-like syndrome
734434007,Pyridoxine-dependent epilepsy
73480000,Impaired glucose tolerance associated with hormonal etiology
735496003,Transient neonatal hypoglycemia due to hyperinsulinemia
735497007,Transitory iatrogenic neonatal hypoglycemia
735519006,Infection of endocrine gland caused by Mycobacterium tuberculosis
735735001,Primary malignant neuroendocrine neoplasm of pancreas
73631002,Disorder of testicular differentiation AND/OR development
736606009,Peripheral precocious puberty
736653007,Neonatal disorder of endocrine system
737212004,Diabetes mellitus caused by chemical
73806001,Subacute oophoritis
73820008,Disorder of endocrine testis
73869005,Toxic uninodular goiter
74012004,Congenital anomaly of pituitary gland
74107003,Acromegaly
7415003,Abscess of ovary
74421000119107,Diminished ovarian reserve due to poor follicle-stimulating hormone response
74431000119105,Diminished ovarian reserve due to increased follicle-stimulating hormone and estradiol
74728003,Hypopituitarism
74973004,Chronic fibrosing pancreatitis
75022004,"Gestational diabetes mellitus, class A>1<"
75065003,Endemic cretinism
75250006,Corpus albicans cyst of ovary
75316000,Autoimmune hypoparathyroidism
75524006,Malnutrition related diabetes mellitus
75541008,Capsular extrusion of adrenal cortex
75548002,Mumps oophoritis
75667007,Lingual goiter
75682002,Diabetes mellitus caused by insulin receptor antibodies
75694006,Pancreatitis
75853001,Central nervous system disorder of water regulation
758664007,Isolated follicle stimulating hormone deficiency
75968004,Sotos' syndrome
76047005,Oophoritis
7611002,Septo-optic dysplasia sequence
762291006,Syndrome of infant of mother with gestational diabetes
762294003,Transient infantile hyperthyrotropinemia
763131005,Clear cell adenocarcinoma of ovary
763311001,Adrenomyodystrophy
763325000,Insulin resistance
763715007,Familial hyperprolactinemia
763890006,Short stature with delayed bone age due to thyroid hormone metabolism deficiency
763891005,Renal hepatic pancreatic dysplasia
764791008,Borderline epithelial neoplasm of ovary
764959000,"Intellectual disability, myopathy, short stature, endocrine defect syndrome"
764960005,Inherited isolated adrenal insufficiency due to partial cytochrome P450 family 11 subfamily A member 1 deficiency
7651000119100,Mineralocorticoid deficiency
765190005,Fibrothecoma of ovary
765326001,Familial glucocorticoid deficiency
765471005,"X-linked intellectual disability, hypogonadism, ichthyosis, obesity, short stature syndrome"
76564002,Catecholamine secretion by pheochromocytoma
766817004,Short stature due to growth hormone secretagogue receptor deficiency
766944008,Complete obstruction of pancreatic duct
766986002,Acute adrenal insufficiency
76715008,Addison's disease due to autoimmunity
767291004,Chronic pancreatitis due to acute alcohol intoxication
767448007,Pineoblastoma
76751001,"Diabetes mellitus in mother complicating pregnancy, childbirth AND/OR puerperium"
768470007,Aldosterone-producing adenoma
768924008,Serous cystadenoma of ovary in childhood
768925009,Mucinous cystadenoma of ovary in childhood
770601003,Small cell carcinoma of ovary
770602005,Squamous cell carcinoma of exocrine pancreas
770631009,Genetic transient congenital hypothyroidism
770679002,"Polyneuropathy, intellectual disability, acromicria, premature menopause syndrome"
770680004,Prader-Willi-like syndrome
770941005,"Alopecia, progressive neurological defect, endocrinopathy syndrome"
771080008,Hereditary site-specific ovarian cancer syndrome
771262009,Pseudoleprechaunism syndrome Patterson type
771271000,Steroid-responsive encephalopathy associated with autoimmune thyroiditis
771308008,"Non-acquired combined pituitary hormone deficiency, sensorineural hearing loss, spine abnormalities syndrome"
771446000,Follicular cholangitis and pancreatitis
771510006,X-linked central congenital hypothyroidism with late-onset testicular enlargement
77274005,Idiopathic diabetes insipidus
772992009,Primary differentiated carcinoma of thyroid gland
773200006,Fatty pancreas
773645004,Familial infantile gigantism
773663004,"Rapid-onset childhood obesity, hypothalamic dysfunction, hypoventilation, autonomic dysregulation syndrome"
773664005,"Deficiency in anterior pituitary function, variable immunodeficiency syndrome"
773665006,"Hypogonadotropic hypogonadism, severe microcephaly, sensorineural hearing loss, dysmorphism syndrome"
773666007,Hypoinsulinemic hypoglycemia and body hemihypertrophy
773673002,"Hypoplasia of pancreas, intestinal atresia, hypoplasia of gallbladder syndrome"
773728004,Corticosteroid-binding globulin deficiency
773987000,Transient neonatal hypothyroidism due to neonatal iodine exposure
773989002,Late-onset isolated adrenocorticotropic hormone deficiency
77575005,Secondary hyperprolactinemia due to prolactin-secreting tumor
776204008,"Colobomatous microphthalmia, obesity, hypogenitalism, intellectual disability syndrome"
778005007,Duplication of pituitary gland
778046002,Somatomammotropinoma
780821007,Invasive intraductal papillary-mucinous carcinoma of pancreas
781067001,Polycystic ovary
78200003,Tertiary hyperparathyroidism
782668007,Benign neoplasm of right adrenal gland
782697005,Solid pseudopapillary carcinoma of pancreas
782755007,"Primary microcephaly, mild intellectual disability, young-onset diabetes syndrome"
782774004,Atypical Meigs syndrome
782825008,"Primary microcephaly, epilepsy, permanent neonatal diabetes syndrome"
782917007,Familial adrenal hypoplasia with absent pituitary luteinizing hormone
783008000,Pituitary dermoid and epidermoid cysts
783009008,Pituitary deficiency due to Rathke cleft cysts
783016009,Panhypophysitis
783092005,"46,XY disorder of sex development, adrenal insufficiency due to cytochrome P450 family 11 subfamily A member 1 deficiency"
783098009,Short stature due to partial growth hormone receptor deficiency
783158009,Infundibulo neurohypophysitis
783177006,Congenital hypothyroidism due to maternal intake of antithyroid drug
783243008,Adenohypophysitis
783616005,Perilipin 1 related familial partial lipodystrophy
783696009,Hyperandrogenism due to cortisone reductase deficiency
783706007,Serous cystadenocarcinoma of pancreas
783722008,Myopathy and diabetes mellitus
783740007,Diazoxide-resistant focal hyperinsulinism due to sulfonylurea receptor 1 deficiency
783741006,Diazoxide-resistant focal hyperinsulinism due to Kir6.2 deficiency
783767001,Autosomal recessive hyperinsulinism due to sulfonylurea receptor 1 deficiency
783768006,Autosomal recessive hyperinsulinism due to Kir6.2 deficiency
783771003,Acinar cell carcinoma of pancreas
784307009,Benign thymoma
784409008,Hematoma of ovary
785722006,Obesity due to leptin receptor gene deficiency
78574007,Hypothyroidism due to sarcoidosis
785879009,Mucinous cystadenocarcinoma of pancreas
786037006,Familial isolated hyperparathyroidism
786038001,Familial nonmedullary thyroid carcinoma
78622004,Galactorrhea not associated with childbirth
78625002,Hyperparathyroidism due to intestinal malabsorption
7881005,Acute necrotizing pancreatitis
788390005,Benign insulinoma
788491008,Hyperinsulinemia due to malignant insulinoma
788492001,Hyperinsulinemia due to benign insulinoma
788756004,Spindle cell oncocytoma of posterior pituitary gland
788757008,Pituicytoma of posterior pituitary gland
788758003,Sellar ependymoma of posterior pituitary gland
789044001,Serous cystadenoma borderline malignancy of ovary
789063000,"Primary hyperaldosteronism, seizures, neurological abnormalities syndrome"
789187001,X-linked acrogigantism due to Xq26 microduplication
78960005,Pancreatic triacylglycerol lipase deficiency
79037006,Accessory pancreas
79268002,"Polyneuropathy, organomegaly, endocrinopathy, monoclonal gammopathy, and skin changes syndrome"
792907004,Adenocarcinoma of pancreatic duct
79369007,Complication of transplanted pancreas
79398006,Hypercortisolism due to adrenal neoplasm
79488001,Thyroxine plasma membrane transport defect
79734007,Noninflammatory disorder of ovary
79883001,Cyst of ovary
7990002,Immunoglobulinemia with isolated somatotropin deficiency
80304004,Intrathyroidal calcification AND goiter syndrome
80599001,Isolated corticotropin deficiency
80660001,Mauriac's syndrome
80849007,Gigantism
80956002,Resistant ovary syndrome
811431000000107,Biliary acute pancreatitis
81475007,Acquired nephrogenic diabetes insipidus
81531005,Diabetes mellitus type 2 in obese
816067005,"Diabetes, hypogonadism, deafness, intellectual disability syndrome"
816205008,Malignant pituitary blastoma
81632821000132105,Displacement of pancreatic stent
81682002,Functional disease of the central nervous system with neuroendocrine disturbance
81685000,Pancreatic alpha-amylase deficiency
81780002,Beckwith-Wiedemann syndrome
81873006,Iodide peroxidase defect
81891001,Hypersecretion of ovarian androgens
818962009,Seromucinous cystadenoma of ovary in childhood
819950002,Generalized glucocorticoid resistance syndrome
82119001,Thyroiditis
82141001,"Pregestational diabetes mellitus AND/OR impaired glucose tolerance, modified White class A"
82260000,"Pregestational diabetes mellitus AND/OR impaired glucose tolerance, modified White class R"
82560004,Leydig cell failure in adult
82598004,Secondary hypothyroidism
82701004,"Pregestational diabetes mellitus AND/OR impaired glucose tolerance, modified White class FR"
827162007,Malignant immature teratoma of ovary
82755000,Germinal inclusion cyst of ovary
82769000,Necrosis of ovary
82793005,Hypothalamic obesity
82800008,Dipsogenic diabetes insipidus
82837002,Kenny syndrome
82949000,Congenital absence of pancreas
830022001,Dermoid cyst of pancreas
830047004,Polycystic left ovary
830048009,Polycystic right ovary
830049001,Polycystic bilateral ovaries
830052009,Polycystic ovary syndrome of right ovary
830053004,Polycystic ovary syndrome of left ovary
830054005,Polycystic ovary syndrome of bilateral ovaries
83190008,Congenital absence of adrenal gland
83191000119105,Incidentaloma of thyroid gland
83469008,Hyperinsulinism
83579008,Mixed gonadal dysgenesis
83664006,Idiopathic atrophic hypothyroidism
83728000,"Polyglandular autoimmune syndrome, type 2"
838372009,High grade flat intraepithelial neoplasia of ampulla of Vater
838375006,Chronic infectious pancreatitis
83986005,Severe hypothyroidism
840473004,Congenital lipoid adrenal hyperplasia due to steroidogenic acute regulatory protein deficiency classic form
840474005,Congenital lipoid adrenal hyperplasia due to steroidogenic acute regulatory protein deficiency non classic form
840509001,Congenital adrenal hyperplasia due to 21-hydroxylase deficiency non-classic form
84194006,Tuberculous oophoritis
84304005,Corpus luteum deficiency syndrome
84361000119102,Insulin reactive hypoglycemia due to type 2 diabetes mellitus
84362007,Fibrous autoimmune thyroiditis
846680003,Functional hypogonadotropic hypogonadism
84781002,Sporadic cretinism
849171000000106,Impaired glucose regulation
84937002,Cerebral hyponatremia
85039006,Postpartum amenorrhea-galactorrhea syndrome
85096001,Adrenal infarction
85244007,Constitutional sexual precocity
85568000,Sporadic goiter
85793001,Prolapse of ovary
85880000,"Pseudohypoaldosteronism, type 1, dominant form"
86073008,Hypersomatotropic gigantism
86304007,Open wound of thyroid gland without complication
863915002,Dehiscence of anastomosis of pancreatic duct
866048009,Mucinous cystic neoplasm with invasive carcinoma of pancreas
866052009,Mixed ductal-neuroendocrine carcinoma of pancreas
8670007,Illegal abortion with salpingo-oophoritis
86842008,Iatrogenic pituitary disorder
87038002,Postpartum alopecia
87181002,Hyperplasia of islet alpha cells with glucagon excess
87232008,Hyperthyroidism due to ectopic thyroid nodule
874911000,Nodular hyperplasia of adrenal cortex
874912007,Nodule of adrenal cortex
87597001,Rupture of corpus luteum cyst
87872006,Male pattern alopecia
878822006,Ischemic pancreatitis
879991002,Gastrinoma of pancreas
8801005,Secondary diabetes mellitus
88104005,Focal thyroiditis
88213004,Aldosteronism
88273006,Iatrogenic hypothyroidism
88281007,Atrophy of pancreas
8829008,Isolated lutropin deficiency
88294009,Rupture of ovary
88512005,Impaired glucose tolerance associated with insulin receptor abnormality
8868001,Dyshormonogenetic goiter AND iodide leak
88740003,Thyrotoxicosis factitia with thyrotoxic crisis
88760006,Isolated late onset hypoparathyroidism
88803002,Hypercortisolism due to pituitary adenoma
890171006,Ketosis-prone diabetes mellitus
890217006,Congenital anomalous arrangement of pancreatobiliary duct
89024000,Riedel's thyroiditis
89261000,Isolated thyrotropin deficiency
89392001,Prader-Willi syndrome
89454001,Shwachman syndrome
89471000119102,Secondary hyperparathyroidism of nonrenal origin
89476005,Pituitary cachexia
89719007,Thyrotoxicosis without goiter or other cause
89954008,Ectopic pancreatic tissue in stomach
89965003,Idiopathic parathyroidism
90054000,Iatrogenic hyperinsulinism
90182005,Hypophysectomy-induced hypopituitarism
90441002,Chronic nonsuppurative thyroiditis
90739004,Thyrotoxicosis
9092004,Parathyroid hyperplasia
91180009,"Pseudohypoaldosteronism, type 1, recessive form"
91187007,Pituitary dwarfism with small sella turcica
91285009,Ectopic adrenal cortex
91352004,Diabetes mellitus due to structurally abnormal insulin
91377003,Transient hyperprolactinemia
91478007,Secondary hyperparathyroidism
91549008,Ovarian hilar cell hyperplasia
91918005,Congenital absence of thymus
91966003,Benign neoplasm of adrenal cortex
91967007,Benign neoplasm of adrenal gland
91968002,Benign neoplasm of adrenal medulla
91970006,Benign neoplasm of ampulla of Vater
91979007,Benign neoplasm of aortic body
92018005,Benign neoplasm of body of pancreas
92044005,Benign neoplasm of carotid body
92063006,Benign neoplasm of coccygeal body
92072003,Benign neoplasm of craniopharyngeal duct
92085000,Benign neoplasm of endocrine gland
92121009,Benign neoplasm of glomus jugulare
92130001,Benign neoplasm of head of pancreas
92222007,Benign neoplasm of multiple endocrine glands
92260003,Benign neoplasm of ovary
92264007,Benign neoplasm of pancreas
92265008,Benign neoplasm of pancreatic duct
92266009,Benign neoplasm of para-aortic body
92267000,Benign neoplasm of paraganglion
92272009,Benign neoplasm of parathyroid gland
92294001,Benign neoplasm of pineal gland
92296004,Benign neoplasm of pituitary gland
92423004,Benign neoplasm of tail of pancreas
92437008,Benign neoplasm of thymus
92439006,Benign neoplasm of thyroid gland
92501000,Congenital cleft of thymus
92526009,Carcinoma in situ of adrenal cortex
92527000,Carcinoma in situ of adrenal gland
92528005,Carcinoma in situ of adrenal medulla
92530007,Carcinoma in situ of ampulla of Vater
92547008,Carcinoma in situ of body of pancreas
92573003,Carcinoma in situ of craniopharyngeal duct
92581002,Carcinoma in situ of endocrine gland
92607006,Carcinoma in situ of head of pancreas
92619003,Carcinoma in situ of islets of Langerhans
92661009,Carcinoma in situ of multiple endocrine glands
92669006,Carcinoma in situ of ovary
92672004,Carcinoma in situ of pancreas
92673009,Carcinoma in situ of pancreatic duct
92675002,Carcinoma in situ of parathyroid gland
92682003,Carcinoma in situ of pineal gland
92683008,Carcinoma in situ of pituitary gland
92763002,Carcinoma in situ of tail of pancreas
92767001,Carcinoma in situ of thyroid gland
92833001,Congenital abnormal fusion of adrenal glands
92886003,Congenital abnormal shape of adrenal gland
92932005,Congenital abnormal shape of ovary
92953001,Congenital abnormal shape of thymus
92978002,Congenital absence of thyroid gland
93068008,Congenital hypertrophy of adrenal gland
93073002,Congenital hypertrophy of ovary
93235007,Congenital hypoplasia of adrenal gland
93279005,Congenital hypoplasia of ovary
93297002,Congenital hypoplasia of thymus
93304003,Congenital malposition of adrenal gland
93341002,Congenital malposition of ovary
93359004,Congenital malposition of the thyroid gland
93361008,Congenital malposition of thymus
93452009,Extracapsular adrenal tissue
93477005,Hemorrhage of thymus
93559003,Hypogonadism with anosmia
93665005,Primary malignant neoplasm of adrenal gland
93677000,Primary malignant neoplasm of aortic body
93715005,Primary malignant neoplasm of body of pancreas
93740003,Primary malignant neoplasm of carotid body
93759001,Primary malignant neoplasm of coccygeal body
93768004,Primary malignant neoplasm of craniopharyngeal duct
93814004,Primary malignant neoplasm of glomus jugulare
93843007,Primary malignant neoplasm of islets of Langerhans
93898002,Primary malignant neoplasm of multiple endocrine glands
93934004,Primary malignant neoplasm of ovary
93939009,Primary malignant neoplasm of pancreatic duct
93940006,Primary malignant neoplasm of para-aortic body
93941005,Primary malignant neoplasm of paraganglion
93943008,Primary malignant neoplasm of parathyroid gland
93962006,Primary malignant neoplasm of pineal gland
93964007,Primary malignant neoplasm of pituitary gland
94082003,Primary malignant neoplasm of tail of pancreas
94096009,Primary malignant neoplasm of thymus
94098005,Primary malignant neoplasm of thyroid gland
9414007,Impaired glucose tolerance
94160007,Secondary malignant neoplasm of adrenal cortex
94161006,Secondary malignant neoplasm of adrenal gland
94162004,Secondary malignant neoplasm of adrenal medulla
94164003,Secondary malignant neoplasm of ampulla of Vater
94173006,Secondary malignant neoplasm of aortic body
94212002,Secondary malignant neoplasm of body of pancreas
94239005,Secondary malignant neoplasm of carotid body
94258001,Secondary malignant neoplasm of coccygeal body
94267001,Secondary malignant neoplasm of craniopharyngeal duct
94280003,Secondary malignant neoplasm of endocrine gland
94281000119101,Malignant multiple endocrine neoplasia type 2a
94316002,Secondary malignant neoplasm of glomus jugulare
94325008,Secondary malignant neoplasm of head of pancreas
94354002,Secondary malignant neoplasm of islets of Langerhans
94417005,Secondary malignant neoplasm of multiple endocrine glands
94455000,Secondary malignant neoplasm of ovary
94459006,Secondary malignant neoplasm of pancreas
94460001,Secondary malignant neoplasm of pancreatic duct
94461002,Secondary malignant neoplasm of para-aortic body
94462009,Secondary malignant neoplasm of paraganglion
94467003,Secondary malignant neoplasm of parathyroid gland
94489004,Secondary malignant neoplasm of pineal gland
94491007,Secondary malignant neoplasm of pituitary gland
94618007,Secondary malignant neoplasm of tail of pancreas
94632009,Secondary malignant neoplasm of thymus
94634005,Secondary malignant neoplasm of thyroid gland
94729000,Neoplasm of uncertain behavior of adrenal cortex
94730005,Neoplasm of uncertain behavior of adrenal gland
94731009,Neoplasm of uncertain behavior of adrenal medulla
94733007,Neoplasm of uncertain behavior of ampulla of Vater
94742000,Neoplasm of uncertain behavior of aortic body
94756003,Neoplasm of uncertain behavior of body of pancreas
9476000,Chronic suppurative thyroiditis
94779002,Neoplasm of uncertain behavior of carotid body
94799008,Neoplasm of uncertain behavior of coccygeal body
94808000,Neoplasm of uncertain behavior of craniopharyngeal duct
94820008,Neoplasm of uncertain behavior of endocrine gland
94854009,Neoplasm of uncertain behavior of glomus jugulare
94863006,Neoplasm of uncertain behavior of head of pancreas
94883007,Neoplasm of uncertain behavior of islets of Langerhans
94938005,Neoplasm of uncertain behavior of multiple endocrine glands
94974001,Neoplasm of uncertain behavior of ovary
94978003,Neoplasm of uncertain behavior of pancreas
94979006,Neoplasm of uncertain behavior of pancreatic duct
94980009,Neoplasm of uncertain behavior of para-aortic body
94983006,Neoplasm of uncertain behavior of parathyroid gland
95002008,Neoplasm of uncertain behavior of pineal gland
95004009,Neoplasm of uncertain behavior of pituitary gland
95122005,Neoplasm of uncertain behavior of tail of pancreas
95136000,Neoplasm of uncertain behavior of thymus
95138004,Neoplasm of uncertain behavior of thyroid gland
95198001,"Pure gonadal dysgenesis 46,XX"
9526000,Pineal gland dysfunction
95562002,Hemorrhage of pancreas
95563007,Gallstone pancreatitis
95564001,Pancreatemphraxis
95598005,Ruptured cyst of ovary
95599002,Hemorrhage of corpus luteum cyst
95622006,Fetal virilism
95830009,Pituitary infarction
96081000119101,Acute pancreatitis due to common bile duct calculus
97881000119105,Adrenal incidentaloma
9899009,Ovarian pregnancy
9979004,Disorder of androgen receptor
